min-cost,0,min-satisfactoin,0
max-cost,1037,max-satisfactoin,2656,HV,0.63566,Spread,0.3908,NDS,349
Cost,Satisfaction,r1,r2,r3,r4,r5,r6,r7,r8,r9,r10,r11,r12,r13,r14,r15,r16,r17,r18,r19,r20,r21,r22,r23,r24,r25,r26,r27,r28,r29,r30,r31,r32,r33,r34,r35,r36,r37,r38,r39,r40,r41,r42,r43,r44,r45,r46,r47,r48,r49,r50,r51,r52,r53,r54,r55,r56,r57,r58,r59,r60,r61,r62,r63,r64,r65,r66,r67,r68,r69,r70,r71,r72,r73,r74,r75,r76,r77,r78,r79,r80,r81,r82,r83,r84,r85,r86,r87,r88,r89,r90,r91,r92,r93,r94,r95,r96,r97,r98,r99,r100
0,0,0,0,0,0,-0,-0,0,-0,-0,0,-0,-0,-0,0,0,-0,-0,-0,0,-0,0,-0,-0,0,-0,0,-0,0,-0,-0,0,0,-0,-0,0,0,-0,-0,0,0,0,0,-0,-0,0,-0,0,0,0,-0,0,0,0,-0,0,-0,-0,0,0,-0,-0,0,0,0,-0,0,0,-0,-0,0,-0,-0,0,0,-0,0,0,-0,-0,0,-0,0,-0,-0,0,-0,0,-0,0,-0,0,0,0,-0,-0,-0,0,0,-0,-0
2,28,-0,0,0,0,-0,-0,0,0,-0,0,-0,0,0,0,0,-0,0,1,0,0,0,-0,0,-0,-0,0,0,0,0,0,0,0,0,0,-0,0,-0,-0,-0,0,0,0,0,0,0,-0,0,0,0,0,-0,0,0,0,-0,0,0,-0,0,-0,0,-0,0,0,0,0,0,-0,0,0,0,0,0,0,0,0,0,0,0,0,0,0,0,0,-0,0,0,0,-0,-0,0,0,-0,-0,0,0,-0,-0,0,0
4,52,-0,0,0,0,0,0,0,0,0,0,0,0,0,0,0,0,-0,1,0,-0,-0,-0,0,0,-0,0,-0,0,0,0,-0,-0,-0,-0,1,0,-0,-0,-0,0,-0,-0,-0,0,0,0,-0,0,0,0,-0,0,-0,0,0,-0,-0,-0,0,0,-0,-0,-0,-0,0,-0,0,0,0,-0,0,0,-0,0,0,0,0,0,0,-0,0,0,-0,-0,0,0,-0,0,-0,0,-0,-0,0,-0,0,0,-0,-0,0,0
5,55,0,0,0,0,0,0,0,0,0,0,-0,0,-0,0,-0,0,0,1,0,-0,0,0,0,-0,0,-0,0,0,0,0,0,0,-0,0,0,0,-0,-0,-0,0,0,0,0,0,0,0,0,0,0,0,0,0,-0,0,-0,-0,0,0,0,0,-0,0,-0,0,0,-0,0,0,0,-0,0,0,-0,0,0,0,0,0,0,0,0,0,-0,-0,0,0,0,-0,0,0,-0,0,0,0,-0,0,0,0,-0,1
6,73,-0,0,0,0,0,0,0,-0,-0,0,-0,0,0,0,-0,-0,0,1,-0,0,-0,0,-0,0,-0,-0,-0,0,-0,-0,0,-0,-0,0,0,0,0,0,0,-0,0,0,0,0,0,0,-0,-0,0,0,0,-0,-0,-0,1,0,0,0,0,0,0,-0,0,-0,0,-0,-0,-0,0,0,-0,-0,-0,0,-0,0,0,0,1,-0,0,0,-0,0,0,0,-0,-0,-0,-0,0,0,-0,0,-0,0,0,0,-0,-0
7,79,0,-0,-0,-0,-0,-0,-0,0,-0,0,-0,0,0,0,0,-0,-0,1,-0,-0,0,0,-0,-0,-0,-0,-0,-0,0,0,-0,0,0,-0,1,-0,0,-0,0,0,0,-0,-0,-0,0,-0,0,0,0,0,-0,-0,0,0,-0,-0,-0,-0,-0,0,0,0,0,0,0,-0,-0,0,0,-0,0,-0,-0,-0,-0,-0,0,0,0,0,0,0,-0,0,-0,0,-0,-0,0,-0,0,-0,0,-0,-0,0,0,-0,-0,1
8,97,-0,-0,0,0,0,-0,-0,-0,-0,0,0,0,-0,0,-0,0,-0,1,0,-0,-0,-0,-0,0,-0,-0,-0,0,0,0,-0,-0,-0,0,1,0,-0,-0,-0,-0,0,0,0,0,-0,0,-0,-0,0,0,-0,-0,-0,-0,1,0,-0,0,0,0,-0,0,-0,-0,0,0,-0,0,0,0,0,-0,0,0,0,0,0,-0,1,-0,-0,0,-0,0,0,0,0,-0,-0,0,-0,-0,-0,-0,-0,0,-0,0,-0,0
9,100,0,-0,-0,-0,-0,0,0,0,-0,-0,-0,0,-0,-0,-0,0,-0,1,-0,-0,-0,-0,0,-0,0,-0,-0,0,0,-0,0,-0,0,0,-0,-0,0,0,0,0,-0,0,-0,0,0,-0,0,0,0,0,0,0,0,0,1,0,-0,0,-0,-0,0,0,-0,0,-0,0,0,-0,0,-0,0,0,0,-0,-0,-0,0,-0,1,-0,0,-0,-0,-0,-0,0,-0,0,-0,0,-0,-0,-0,0,-0,0,-0,0,0,1
9,100,0,0,0,0,0,0,-0,0,0,0,0,0,0,-0,-0,-0,0,1,0,0,-0,0,0,0,0,0,-0,-0,-0,-0,0,0,-0,0,1,-0,-0,0,0,-0,-0,0,0,0,0,0,-0,0,0,0,-0,0,-0,-0,-0,-0,-0,-0,-0,-0,0,-0,0,0,-0,-0,0,0,0,-0,0,-0,0,-0,0,0,0,0,0,0,-0,0,-0,-0,0,0,-0,0,-0,0,0,0,0,0,1,0,0,0,-0,1
11,124,0,0,0,0,0,0,0,-0,-0,0,0,0,-0,0,-0,0,0,1,0,-0,0,-0,0,-0,0,-0,0,0,-0,-0,0,0,0,0,1,0,0,-0,-0,-0,0,-0,0,-0,-0,0,0,0,0,-0,-0,0,0,0,1,-0,0,-0,0,0,0,0,-0,-0,0,0,-0,0,0,0,0,0,0,0,-0,0,-0,0,1,-0,0,0,0,0,0,0,-0,0,-0,-0,0,0,0,-0,0,0,-0,-0,-0,1
13,145,-0,0,0,-0,0,0,-0,-0,-0,0,0,0,-0,0,-0,-0,0,1,-0,0,0,0,0,0,0,-0,0,0,-0,0,-0,0,0,-0,1,0,-0,-0,0,0,0,0,0,0,-0,0,-0,0,-0,-0,0,0,0,0,1,0,-0,-0,0,-0,0,-0,-0,-0,0,0,-0,-0,0,-0,0,-0,0,0,0,0,0,0,1,-0,-0,0,0,-0,0,0,-0,-0,0,-0,0,-0,-0,0,1,-0,-0,0,-0,1
15,174,0,0,0,-0,0,0,0,0,0,0,0,0,0,0,0,0,0,1,0,0,0,-0,0,1,-0,-0,0,0,0,-0,-0,0,0,-0,1,0,0,0,-0,-0,0,0,0,0,0,0,0,-0,-0,0,-0,0,0,0,1,-0,-0,-0,0,-0,-0,-0,-0,0,0,0,0,0,0,0,-0,0,-0,0,0,0,0,0,1,0,0,0,-0,-0,0,0,0,-0,0,-0,0,0,0,0,1,-0,-0,-0,0,1
19,177,-0,0,-0,0,-0,0,-0,0,0,0,-0,-0,-0,0,0,0,0,1,0,0,-0,0,0,-0,-0,0,0,0,0,0,0,-0,-0,0,1,0,-0,0,-0,0,1,0,-0,0,0,0,0,0,0,0,0,-0,-0,0,1,-0,-0,0,0,-0,0,-0,0,0,-0,0,-0,0,-0,0,0,-0,-0,0,0,0,0,0,1,-0,-0,0,-0,-0,-0,0,0,-0,-0,0,-0,-0,0,0,1,-0,0,0,0,1
20,189,-0,0,0,-0,0,0,-0,0,-0,0,0,0,0,0,0,0,0,1,0,0,-0,-0,-0,1,-0,0,-0,0,0,-0,-0,0,0,-0,-0,0,-0,0,-0,-0,-0,0,-0,0,-0,-0,-0,-0,0,-0,0,-0,-0,-0,1,0,0,0,0,-0,-0,-0,0,-0,0,0,0,0,0,-0,-0,0,0,0,-0,0,0,-0,1,0,0,0,-0,0,0,0,0,0,-0,-0,-0,-0,0,-0,1,-0,0,1,0,1
22,213,-0,0,0,0,0,0,0,0,-0,0,-0,0,0,0,0,0,0,1,-0,0,0,0,-0,1,0,0,0,0,-0,0,0,-0,0,-0,1,0,0,-0,0,0,0,0,0,0,-0,0,0,-0,-0,0,0,-0,-0,0,1,-0,-0,0,0,-0,0,0,0,0,0,-0,-0,0,0,0,0,0,0,-0,0,0,0,0,1,0,0,0,-0,0,-0,0,-0,0,-0,-0,0,0,-0,0,1,0,0,1,0,1
25,220,0,0,-0,-0,0,-0,-0,-0,-0,0,-0,-0,0,0,0,-0,-0,1,0,0,-0,0,-0,1,0,0,-0,0,0,-0,-0,-0,0,0,1,-0,0,0,-0,-0,0,0,-0,0,0,-0,-0,1,-0,0,-0,-0,-0,0,-0,0,-0,0,0,0,0,0,-0,-0,0,0,-0,0,-0,1,0,0,-0,0,-0,0,0,0,-0,-0,0,-0,0,0,0,0,-0,1,1,-0,0,-0,0,-0,1,0,-0,-0,0,1
26,240,-0,0,0,0,0,0,0,-0,-0,0,0,0,-0,0,0,-0,0,1,0,-0,0,0,-0,1,-0,-0,-0,0,-0,0,0,-0,0,-0,1,-0,-0,0,0,-0,0,0,0,-0,-0,-0,0,-0,0,-0,0,0,-0,-0,1,0,-0,-0,0,-0,-0,0,0,0,0,-0,0,0,0,0,-0,0,-0,-0,0,0,-0,0,1,0,0,-0,-0,0,-0,0,-0,-0,-0,-0,-0,-0,1,-0,1,0,0,1,0,1
32,248,0,0,0,0,0,0,-0,0,0,0,0,0,0,0,0,-0,0,1,-0,-0,-0,-0,0,0,0,0,-0,0,-0,0,-0,0,0,-0,1,0,-0,-0,-0,0,1,0,0,0,0,-0,0,0,0,1,-0,0,-0,0,1,0,-0,0,0,-0,-0,-0,-0,0,0,0,-0,0,0,-0,0,0,-0,0,-0,0,0,0,1,-0,0,0,-0,-0,0,0,-0,-0,-0,-0,0,0,0,-0,1,0,0,1,-0,1
34,277,0,0,0,0,0,0,-0,0,0,0,-0,-0,0,0,-0,0,0,1,-0,-0,-0,0,0,1,0,0,0,0,-0,0,0,0,0,-0,1,0,0,-0,-0,0,1,0,0,0,0,0,0,-0,0,1,0,0,-0,0,1,0,-0,0,0,-0,0,0,-0,0,0,0,0,0,0,0,0,-0,0,-0,0,0,-0,0,1,0,-0,0,-0,-0,-0,0,-0,0,-0,0,0,0,0,-0,1,0,0,1,-0,1
38,279,0,0,0,0,0,0,0,0,1,0,0,0,0,0,0,0,0,1,-0,1,1,1,1,0,0,0,0,0,0,0,-0,-0,0,-0,1,0,0,0,0,-0,-0,0,0,0,0,0,0,-0,0,-0,0,0,0,-0,1,0,0,0,0,-0,0,-0,-0,0,0,0,-0,0,0,0,-0,-0,0,0,-0,0,-0,0,1,0,0,0,0,0,-0,0,-0,0,0,0,0,0,0,-0,1,-0,0,-0,-0,1
39,296,0,0,0,0,0,0,0,0,-0,0,0,-0,-0,0,-0,0,0,1,0,1,1,1,1,1,0,0,0,0,0,0,0,-0,0,0,0,0,-0,0,-0,-0,0,0,0,0,0,0,-0,0,-0,-0,-0,0,0,-0,1,0,0,0,0,0,0,0,0,0,0,0,0,0,0,0,0,-0,0,0,-0,0,0,0,1,0,-0,0,0,-0,0,0,0,0,0,0,0,0,0,-0,1,-0,-0,1,0,1
41,320,0,0,-0,0,0,0,0,0,0,0,0,0,-0,0,-0,-0,0,1,0,1,1,1,1,1,0,0,0,-0,0,0,0,0,0,0,1,0,0,0,0,-0,0,0,0,0,0,0,-0,-0,-0,-0,0,-0,0,0,1,-0,-0,0,0,0,0,0,0,-0,0,0,-0,0,-0,-0,-0,0,-0,0,0,0,0,-0,1,-0,0,-0,-0,-0,0,0,0,0,-0,-0,-0,-0,0,0,1,-0,0,1,0,1
47,327,-0,0,0,0,0,0,-0,-0,-0,0,0,0,0,0,-0,-0,0,1,1,1,1,1,1,1,-0,0,-0,0,0,0,-0,0,0,-0,1,0,-0,-0,-0,-0,1,0,0,0,0,-0,0,0,0,0,0,-0,-0,-0,1,0,-0,-0,0,0,-0,0,0,0,-0,0,0,-0,0,-0,0,0,0,-0,0,0,0,-0,1,-0,0,0,0,-0,0,0,0,-0,-0,0,-0,0,0,-0,0,0,0,0,0,1
48,331,0,0,0,-0,0,0,-0,-0,-0,0,0,0,0,-0,0,0,0,1,1,1,1,1,1,1,-0,-0,0,0,0,-0,-0,0,-0,0,-0,-0,-0,0,-0,0,0,0,-0,-0,0,0,-0,0,0,-0,0,-0,0,-0,1,0,-0,0,0,-0,-0,0,0,-0,-0,0,-0,-0,0,0,0,0,0,0,0,0,-0,0,1,-0,-0,-0,-0,0,0,0,0,0,-0,-0,-0,0,0,0,1,0,-0,1,-0,1
49,355,0,0,0,0,0,0,-0,-0,0,0,-0,0,-0,0,0,-0,0,1,-0,1,1,1,1,1,0,-0,0,0,-0,0,-0,0,0,0,1,0,0,-0,-0,0,-0,0,0,0,-0,0,-0,-0,0,-0,1,0,-0,0,0,-0,-0,-0,0,0,0,-0,0,-0,0,0,0,0,0,0,0,0,0,-0,0,0,0,0,1,-0,-0,0,-0,1,0,0,-0,-0,0,0,0,0,-0,-0,1,-0,-0,1,-0,1
50,358,0,0,0,0,0,0,0,0,0,0,0,0,0,0,0,-0,0,1,-0,0,-0,0,-0,1,-0,0,-0,-0,0,0,0,-0,0,-0,-0,0,-0,0,0,-0,0,0,0,0,-0,0,-0,-0,0,-0,0,0,-0,0,1,-0,0,-0,0,-0,0,0,0,0,0,0,0,0,0,1,0,0,-0,0,1,0,0,0,1,-0,0,0,-0,0,-0,0,-0,1,1,1,0,0,1,0,1,1,0,1,-0,1
53,368,0,0,0,0,0,0,0,0,1,0,0,-0,0,0,-0,-0,0,1,1,1,1,1,1,1,-0,-0,-0,0,-0,-0,-0,0,-0,-0,1,-0,0,-0,-0,-0,-0,0,-0,-0,0,0,-0,0,-0,0,-0,-0,-0,0,-0,0,-0,0,0,0,0,0,-0,-0,0,0,-0,0,-0,1,0,0,-0,0,-0,0,0,0,-0,-0,0,-0,0,0,0,0,-0,1,1,-0,0,-0,0,-0,1,0,-0,-0,0,1
54,377,0,0,0,0,0,0,0,0,0,0,-0,-0,0,0,-0,0,0,1,1,1,1,1,1,1,1,-0,0,0,-0,0,-0,-0,-0,0,1,-0,0,0,-0,-0,-0,0,-0,0,0,-0,-0,-0,0,0,-0,0,0,0,0,-0,-0,-0,0,-0,0,-0,-0,-0,0,-0,0,-0,0,1,-0,-0,-0,0,0,0,-0,0,-0,-0,0,0,0,0,-0,0,-0,1,1,-0,0,-0,-0,-0,1,0,-0,0,-0,1
56,404,0,0,0,0,0,0,-0,0,1,0,0,0,-0,0,0,-0,-0,1,-0,1,1,1,1,1,1,0,0,0,0,0,0,-0,0,0,1,0,0,-0,-0,-0,1,0,0,0,-0,-0,0,-0,-0,-0,0,0,0,-0,1,0,-0,0,0,0,-0,-0,0,0,0,0,0,-0,-0,-0,0,-0,1,-0,-0,0,-0,0,1,-0,0,0,-0,0,-0,0,0,-0,0,0,-0,0,0,-0,1,-0,0,0,0,1
59,415,-0,0,0,0,0,-0,0,-0,-0,0,-0,-0,0,0,-0,0,-0,1,1,1,1,1,1,1,0,0,-0,0,-0,-0,0,-0,0,0,1,0,0,0,-0,-0,1,-0,0,0,-0,0,-0,0,-0,0,-0,-0,-0,-0,1,0,-0,-0,0,-0,0,0,-0,-0,0,0,-0,-0,0,0,-0,0,1,0,-0,0,-0,0,1,-0,0,0,0,-0,-0,0,-0,-0,0,0,0,-0,0,0,1,-0,-0,1,-0,1
61,423,0,0,0,0,0,0,0,0,0,0,0,-0,0,0,-0,0,0,1,0,-0,-0,0,-0,1,1,0,0,0,-0,-0,0,-0,0,-0,1,0,-0,-0,0,0,1,-0,-0,0,0,-0,0,1,1,1,1,1,0,0,1,0,-0,0,0,0,0,0,0,-0,0,0,-0,-0,0,-0,-0,0,0,0,-0,0,0,0,1,-0,0,0,0,-0,-0,0,0,0,-0,-0,0,0,-0,-0,1,-0,0,1,0,1
62,433,0,0,0,0,0,0,-0,-0,0,0,0,0,0,0,0,0,0,1,-0,1,1,1,1,1,0,0,0,0,-0,-0,0,-0,0,-0,1,0,0,-0,-0,-0,0,-0,0,0,0,-0,-0,0,0,0,1,-0,-0,-0,-0,0,0,-0,0,-0,0,0,0,-0,-0,0,-0,-0,0,1,0,0,-0,0,-0,0,-0,0,0,0,0,-0,0,0,-0,0,0,1,1,1,0,0,1,0,1,-0,-0,1,0,1
63,443,0,0,-0,-0,-0,0,-0,0,1,0,-0,-0,-0,-0,-0,-0,0,1,0,1,1,1,1,1,1,0,0,0,0,0,0,-0,-0,-0,1,-0,-0,-0,-0,-0,1,0,-0,-0,0,-0,-0,-0,-0,0,-0,-0,0,-0,1,0,-0,-0,0,0,-0,-0,-0,0,0,-0,0,0,-0,0,0,0,1,0,0,0,0,-0,1,-0,0,0,-0,0,0,0,-0,0,-0,0,0,0,-0,-0,1,0,-0,1,0,1
67,464,0,0,0,0,0,0,-0,-0,-0,0,-0,-0,-0,0,-0,0,0,1,-0,1,1,1,1,1,0,-0,-0,0,0,-0,0,0,0,-0,1,0,0,0,-0,-0,0,0,-0,0,0,-0,0,-0,0,0,1,-0,-0,0,-0,-0,-0,-0,0,-0,0,0,0,0,0,-0,0,0,-0,0,0,0,-0,-0,-0,0,0,-0,1,-0,0,-0,-0,1,0,0,0,1,1,1,0,0,1,0,1,-0,0,1,-0,1
70,466,0,0,0,0,0,0,-0,-0,0,0,-0,0,0,0,-0,-0,0,1,1,1,1,1,1,1,-0,-0,0,0,0,-0,-0,-0,0,-0,1,0,0,0,0,-0,1,0,0,0,-0,0,-0,-0,-0,-0,-0,-0,-0,0,1,0,-0,-0,0,-0,0,-0,-0,0,0,0,-0,0,-0,0,-0,-0,1,0,-0,0,-0,-0,1,-0,0,0,-0,0,0,0,0,0,-0,-0,-0,-0,1,0,1,1,0,1,0,1
71,472,0,0,0,0,0,0,-0,0,0,0,0,-0,0,0,0,0,0,1,0,0,-0,0,-0,1,0,-0,0,0,-0,-0,0,0,-0,-0,1,0,-0,0,0,-0,-0,-0,0,0,0,-0,0,1,0,1,1,1,0,0,0,-0,-0,-0,0,0,0,-0,-0,-0,0,-0,-0,0,0,1,0,-0,0,-0,1,0,-0,0,1,-0,-0,0,0,-0,0,0,0,1,1,1,-0,0,1,-0,1,1,-0,1,-0,1
73,491,0,0,0,0,0,0,0,-0,-0,0,0,0,-0,0,-0,0,0,1,0,1,1,1,1,1,1,0,0,0,0,-0,0,-0,0,-0,1,0,0,0,0,-0,1,0,0,0,0,-0,0,1,1,1,1,1,0,-0,1,0,0,-0,0,-0,0,0,0,0,0,-0,-0,0,0,0,0,0,0,0,0,0,0,-0,1,0,0,0,0,0,-0,0,0,0,0,-0,-0,-0,0,0,1,0,0,0,0,1
74,493,0,0,-0,-0,0,0,0,0,0,0,-0,-0,0,-0,0,0,-0,1,0,1,1,1,1,1,0,-0,-0,0,0,0,0,0,0,0,1,0,0,0,0,0,0,0,-0,0,-0,-0,0,-0,1,1,1,0,0,-0,0,0,-0,-0,0,-0,-0,-0,0,-0,0,0,-0,0,-0,1,0,0,0,0,-0,0,0,-0,0,-0,-0,0,0,-0,-0,-0,-0,1,1,1,0,-0,1,-0,1,-0,-0,1,0,1
76,500,0,0,0,-0,-0,-0,-0,-0,-0,0,0,-0,0,-0,-0,0,-0,1,-0,1,1,1,1,1,-0,0,-0,0,0,0,-0,-0,-0,0,1,0,-0,0,0,0,0,0,-0,0,-0,-0,-0,1,1,1,1,-0,-0,-0,0,0,0,0,-0,0,-0,-0,0,-0,-0,-0,0,-0,-0,1,-0,-0,-0,-0,0,0,-0,0,0,0,0,0,0,1,-0,0,-0,1,1,1,-0,-0,1,-0,1,0,-0,-0,0,1
78,503,0,0,0,0,0,0,-0,-0,-0,0,0,0,0,0,-0,0,0,1,1,1,1,1,1,1,1,0,0,0,-0,-0,-0,-0,-0,0,1,0,-0,0,-0,0,1,0,0,0,0,0,0,-0,1,1,1,0,0,0,0,-0,-0,-0,0,-0,0,0,0,-0,0,0,-0,0,0,1,-0,-0,-0,0,0,0,0,0,0,-0,0,0,-0,-0,0,0,-0,1,1,-0,0,0,0,0,1,0,0,0,-0,1
79,515,-0,0,0,-0,0,0,-0,0,-0,0,-0,0,0,0,-0,-0,-0,1,1,1,1,1,1,1,0,-0,0,0,-0,-0,0,0,0,0,1,0,-0,0,0,-0,1,0,-0,-0,-0,-0,0,1,1,1,1,1,0,0,-0,0,0,-0,-0,0,0,0,0,-0,0,-0,0,-0,-0,1,-0,-0,0,0,-0,0,0,-0,-0,0,0,-0,0,0,-0,-0,-0,1,1,0,0,-0,0,-0,1,-0,0,0,-0,1
80,530,0,0,0,0,-0,0,-0,-0,0,0,-0,0,-0,0,-0,-0,-0,1,-0,1,1,1,1,1,1,-0,0,0,-0,0,-0,0,0,0,1,-0,0,-0,-0,0,1,-0,0,0,0,-0,0,1,1,1,1,1,0,-0,1,0,0,0,-0,0,-0,0,0,0,-0,-0,-0,-0,0,0,-0,0,-0,0,-0,0,0,0,1,0,-0,0,0,0,-0,0,-0,0,-0,0,0,-0,-0,0,1,-0,0,1,0,1
82,541,0,0,0,0,0,0,0,-0,-0,0,-0,0,0,0,0,0,0,1,-0,1,1,1,1,1,0,0,-0,0,0,-0,-0,0,0,-0,1,0,0,0,-0,0,0,-0,0,0,-0,0,0,1,1,1,1,1,0,0,-0,0,-0,-0,0,0,-0,0,-0,-0,-0,-0,0,0,-0,1,-0,-0,-0,-0,0,0,0,0,-0,-0,-0,-0,0,-0,0,0,-0,1,1,1,0,-0,1,-0,1,-0,-0,1,0,1
83,558,0,0,0,0,-0,0,0,-0,0,-0,0,0,0,0,0,0,0,1,0,1,1,1,1,1,1,0,0,0,-0,-0,-0,0,-0,-0,1,0,-0,0,-0,0,1,-0,0,0,0,0,-0,1,1,1,1,1,-0,0,1,0,-0,0,0,0,0,-0,0,0,0,-0,0,-0,0,0,0,-0,1,-0,0,-0,-0,-0,1,-0,0,0,-0,-0,-0,-0,0,0,0,0,0,0,0,0,1,0,-0,1,0,1
85,567,0,0,0,0,-0,0,0,-0,0,-0,0,0,0,0,0,0,0,1,0,1,1,1,1,1,1,0,0,0,-0,-0,-0,0,-0,-0,1,0,-0,0,-0,-0,1,0,0,0,-0,0,0,1,-0,1,1,1,-0,0,-0,-0,0,-0,0,-0,0,0,0,0,0,0,0,-0,0,1,-0,-0,0,0,0,0,-0,-0,-0,-0,-0,0,-0,1,-0,0,-0,1,1,1,0,0,1,-0,1,-0,0,-0,0,1
87,573,0,0,0,0,0,0,-0,0,0,0,0,0,0,0,0,-0,0,1,1,1,1,1,1,1,-0,0,0,0,0,0,-0,-0,0,-0,1,0,0,0,-0,-0,1,0,0,0,-0,0,-0,-0,1,1,1,1,0,0,0,-0,0,-0,0,0,0,-0,-0,0,-0,0,-0,-0,0,1,-0,-0,-0,-0,0,0,0,-0,-0,-0,-0,0,-0,1,-0,0,0,1,1,1,-0,0,1,-0,1,-0,-0,0,0,1
90,590,0,0,0,0,-0,0,-0,-0,0,0,0,0,0,0,-0,-0,0,1,0,1,1,1,1,1,0,0,0,0,0,-0,0,-0,0,-0,1,0,-0,0,0,0,1,0,0,0,-0,0,0,0,-0,1,1,1,-0,-0,0,-0,0,-0,0,-0,0,-0,-0,0,0,-0,0,-0,0,1,-0,0,-0,0,1,0,0,0,1,-0,0,0,-0,-0,0,0,-0,1,1,1,0,-0,1,-0,1,1,0,1,0,1
93,593,-0,0,0,0,0,0,0,-0,1,0,-0,0,-0,0,-0,-0,0,1,1,1,1,1,1,1,0,-0,-0,0,0,-0,-0,-0,0,-0,1,0,0,-0,-0,-0,1,0,0,0,-0,0,0,1,-0,1,1,1,-0,0,-0,-0,0,-0,0,-0,0,0,0,0,0,0,0,-0,0,1,-0,-0,0,0,0,0,-0,-0,-0,-0,-0,0,-0,1,-0,0,-0,1,1,1,0,0,1,-0,1,-0,0,-0,0,1
95,609,0,0,0,0,0,0,-0,0,-0,0,-0,0,-0,0,0,0,-0,1,-0,1,1,1,1,1,1,0,-0,0,-0,0,0,0,-0,-0,1,0,0,0,-0,-0,1,0,-0,0,0,-0,0,1,1,1,1,1,0,0,-0,-0,0,0,0,-0,-0,-0,-0,-0,-0,-0,-0,0,-0,1,0,0,0,0,-0,0,-0,0,0,-0,-0,0,-0,-0,0,0,0,1,1,1,0,0,1,0,1,0,0,1,-0,1
99,625,0,0,0,0,0,0,0,0,0,0,0,0,0,0,0,0,0,1,1,1,1,1,1,1,0,-0,-0,-0,-0,0,0,0,0,-0,1,0,0,0,0,0,1,-0,-0,0,0,-0,0,0,-0,1,1,1,-0,-0,0,0,-0,0,0,0,0,0,-0,0,0,-0,-0,0,0,1,-0,0,0,-0,1,0,0,-0,1,0,0,0,0,0,-0,0,0,1,1,1,0,-0,1,0,1,1,0,1,-0,1
100,629,-0,0,0,0,-0,-0,0,0,1,-0,-0,-0,0,-0,0,0,0,1,1,1,1,1,1,1,1,-0,-0,-0,0,0,0,-0,0,0,1,-0,0,0,0,0,1,0,-0,-0,-0,0,0,1,-0,1,1,1,-0,0,-0,-0,0,-0,0,-0,0,0,0,0,0,0,0,-0,0,1,-0,-0,0,0,0,0,-0,-0,-0,-0,-0,0,-0,1,-0,0,-0,1,1,1,0,0,1,-0,1,-0,0,-0,0,1
102,651,-0,0,0,0,0,0,-0,0,-0,0,0,-0,-0,0,0,-0,0,1,-0,1,1,1,1,1,1,-0,-0,0,-0,0,-0,0,-0,0,1,0,-0,-0,0,-0,1,0,0,0,0,0,0,1,1,1,1,1,0,0,0,-0,-0,-0,0,-0,-0,-0,-0,0,0,0,-0,-0,0,1,-0,-0,-0,0,1,0,0,0,1,-0,0,0,0,0,0,0,-0,1,1,1,0,0,1,-0,1,-0,-0,1,0,1
109,651,-0,0,0,0,0,0,0,0,-0,0,-0,-0,0,0,0,0,0,1,-0,1,1,1,1,1,1,0,-0,0,0,-0,-0,-0,-0,-0,1,0,-0,-0,0,-0,1,-0,0,0,0,-0,-0,1,1,1,1,1,-0,0,0,-0,-0,0,-0,-0,0,0,-0,-0,-0,-0,0,-0,0,1,0,-0,-0,0,-0,0,0,-0,0,-0,0,0,0,0,-0,0,0,1,1,1,0,-0,1,0,1,1,0,1,1,1
110,677,0,0,0,0,0,0,-0,-0,0,0,0,-0,0,0,-0,-0,0,1,-0,1,1,1,1,1,1,0,-0,-0,-0,-0,-0,0,0,0,1,0,0,-0,-0,-0,1,-0,-0,0,-0,-0,-0,1,1,1,1,1,0,0,0,-0,-0,0,0,0,0,0,0,0,0,-0,-0,0,0,0,1,1,1,-0,0,0,-0,0,0,0,-0,0,0,0,0,0,-0,1,1,1,0,0,1,0,1,-0,0,1,-0,1
111,686,0,0,0,0,0,0,0,0,0,-0,0,0,-0,0,-0,0,0,1,1,1,1,1,1,1,1,0,0,-0,0,0,0,0,0,-0,1,0,-0,0,-0,0,1,-0,0,0,0,0,0,1,1,1,1,1,0,-0,0,0,0,0,0,-0,0,0,0,0,0,0,0,0,-0,1,-0,-0,0,-0,1,0,0,-0,1,-0,0,0,0,-0,0,0,0,1,1,1,0,0,1,0,1,0,-0,1,0,1
117,701,0,0,0,0,0,0,-0,-0,1,0,0,-0,0,0,0,0,-0,1,1,1,1,1,1,1,-0,-0,-0,0,-0,0,0,0,0,0,1,0,-0,0,-0,-0,1,0,0,0,-0,0,-0,1,1,1,1,1,0,0,-0,-0,-0,0,0,0,0,0,-0,-0,0,0,0,-0,-0,1,-0,-0,-0,0,1,0,-0,0,1,0,0,0,0,-0,0,0,0,1,1,1,-0,-0,1,0,1,1,0,1,0,1
118,710,-0,0,0,-0,-0,0,-0,0,0,0,0,0,-0,0,0,0,-0,1,1,1,1,1,1,1,1,-0,0,-0,0,-0,-0,-0,-0,0,1,-0,0,-0,0,0,1,-0,-0,0,0,0,-0,1,1,1,1,1,-0,0,-0,0,-0,0,-0,0,-0,0,-0,-0,-0,-0,0,0,0,1,-0,0,0,-0,1,0,0,0,1,-0,-0,-0,-0,-0,-0,0,-0,1,1,1,-0,0,1,0,1,1,0,1,-0,1
119,715,-0,0,0,0,0,0,-0,-0,1,0,-0,-0,0,0,0,0,0,1,0,1,1,1,1,1,1,-0,0,0,-0,-0,-0,-0,-0,0,1,0,0,-0,-0,-0,1,0,-0,0,-0,0,0,-0,-0,-0,0,0,0,-0,1,-0,0,0,0,-0,0,0,-0,-0,-0,0,0,0,-0,1,1,-0,1,-0,1,0,1,0,1,0,0,0,0,1,-0,0,0,1,1,1,0,-0,1,-0,1,1,1,1,-0,1
124,737,0,0,0,0,0,0,0,0,1,0,0,-0,-0,0,-0,0,0,1,1,1,1,1,1,1,1,-0,0,0,0,-0,-0,-0,-0,-0,1,0,0,-0,-0,-0,1,0,0,0,-0,0,-0,1,1,1,1,1,0,0,0,0,-0,0,0,-0,0,0,-0,0,0,0,0,-0,0,1,0,0,0,0,1,0,0,0,1,-0,0,0,-0,0,-0,0,0,1,1,1,0,0,1,-0,1,1,-0,1,-0,1
125,739,-0,0,0,0,-0,-0,0,0,1,-0,-0,-0,0,-0,0,0,0,1,1,1,1,1,1,1,1,-0,-0,-0,0,0,0,-0,0,0,1,-0,0,0,0,0,1,0,-0,-0,0,-0,-0,1,1,1,1,1,0,-0,0,0,-0,0,0,0,-0,0,-0,-0,-0,0,0,-0,-0,0,1,1,1,0,0,0,0,0,-0,0,0,-0,-0,0,-0,0,-0,1,1,1,0,-0,1,-0,1,0,0,1,-0,1
126,740,0,0,0,0,0,0,0,0,1,0,0,-0,-0,0,0,0,0,1,-0,1,1,1,1,1,1,0,-0,0,-0,0,0,0,-0,0,1,0,-0,0,0,0,1,0,0,0,0,0,-0,-0,-0,-0,0,0,0,-0,1,-0,-0,-0,0,-0,-0,0,-0,-0,0,0,0,0,-0,1,1,-0,1,0,1,0,1,-0,1,-0,-0,0,-0,1,0,0,-0,1,1,1,0,0,1,1,1,1,1,1,0,1
132,763,0,0,0,-0,0,0,-0,-0,1,0,-0,-0,-0,0,0,0,0,1,1,1,1,1,1,1,1,0,0,-0,-0,-0,-0,-0,-0,0,1,0,0,-0,-0,-0,1,0,0,0,0,-0,-0,1,1,1,1,1,-0,0,-0,0,-0,-0,0,0,0,0,-0,0,0,-0,-0,0,-0,0,1,1,1,-0,0,0,-0,0,-0,0,-0,0,-0,0,0,0,0,1,1,1,0,0,1,0,1,1,-0,1,-0,1
134,764,0,0,0,-0,0,0,0,0,1,0,0,-0,0,0,1,0,0,1,1,1,1,1,1,1,1,-0,-0,-0,0,-0,0,-0,-0,-0,1,0,0,-0,0,-0,1,-0,-0,0,0,-0,-0,1,1,1,1,1,0,0,-0,0,-0,0,0,-0,0,-0,-0,-0,0,-0,-0,-0,-0,0,1,1,1,-0,-0,0,0,0,0,0,0,0,-0,0,-0,0,-0,1,1,1,-0,-0,1,0,1,-0,0,1,0,1
138,824,0,0,0,-0,0,0,-0,0,0,0,0,-0,-0,0,-0,0,0,1,-0,1,1,1,1,1,1,0,0,-0,-0,0,0,-0,0,0,1,0,0,0,-0,0,1,-0,0,0,0,0,0,1,1,1,1,1,0,0,1,-0,0,-0,0,0,0,0,0,0,0,-0,-0,-0,0,1,1,-0,1,0,1,0,1,-0,1,0,-0,-0,0,1,0,0,0,1,1,1,-0,-0,1,-0,1,1,-0,1,1,1
139,830,0,0,0,-0,0,0,-0,0,0,0,-0,0,0,0,-0,-0,0,1,-0,1,1,1,1,1,1,-0,-0,0,0,0,0,0,0,-0,1,-0,-0,-0,0,-0,1,0,0,0,0,-0,-0,1,1,1,1,1,0,0,1,-0,-0,-0,0,0,0,-0,0,0,0,0,0,-0,-0,1,1,-0,1,0,1,0,1,0,1,-0,0,0,-0,1,-0,0,-0,1,1,1,0,0,1,0,1,1,1,1,0,1
144,851,-0,0,-0,0,0,0,-0,-0,1,0,-0,-0,0,0,-0,0,0,1,0,1,1,1,1,1,1,0,0,0,0,-0,0,0,0,0,1,0,-0,0,0,0,1,0,0,0,0,0,-0,1,1,1,1,1,0,0,1,-0,0,-0,0,-0,0,-0,0,-0,0,0,0,-0,0,1,1,-0,1,0,1,0,1,-0,1,0,-0,0,-0,1,-0,0,0,1,1,1,0,0,1,-0,1,1,-0,1,1,1
145,857,-0,0,0,0,0,0,0,-0,1,0,0,0,-0,0,-0,0,0,1,0,1,1,1,1,1,1,-0,-0,-0,-0,-0,-0,-0,0,-0,1,0,-0,0,0,0,1,-0,0,0,0,-0,-0,1,1,1,1,1,-0,-0,1,0,0,-0,0,0,0,0,0,0,0,-0,0,-0,-0,1,1,0,1,-0,1,0,1,0,1,-0,0,0,0,1,0,0,-0,1,1,1,-0,0,1,-0,1,1,1,1,0,1
147,859,-0,0,0,0,0,0,0,0,-0,0,-0,0,-0,0,-0,0,0,1,1,1,1,1,1,1,1,-0,0,0,0,-0,0,-0,0,0,1,0,0,0,-0,-0,1,0,0,0,0,-0,-0,1,1,1,1,1,-0,0,1,0,0,-0,0,0,-0,-0,0,-0,-0,0,0,-0,-0,1,1,-0,1,-0,1,0,1,-0,1,0,-0,0,-0,1,0,0,0,1,1,1,-0,0,1,-0,1,1,-0,1,1,1
152,862,-0,0,0,0,0,0,0,0,1,0,0,0,0,0,-0,-0,-0,1,1,1,1,1,1,1,1,0,-0,0,0,-0,0,0,0,-0,1,-0,-0,0,-0,-0,1,-0,0,0,0,-0,0,1,1,1,1,1,0,0,0,0,0,0,0,-0,0,0,0,0,0,0,0,0,0,1,1,0,1,-0,1,0,1,0,1,0,-0,0,-0,1,0,0,0,1,1,1,0,0,1,-0,1,1,0,1,1,1
153,886,0,0,0,0,0,0,0,-0,1,0,0,-0,0,0,0,0,0,1,1,1,1,1,1,1,1,-0,-0,0,0,0,-0,-0,-0,-0,1,0,0,-0,0,0,1,0,-0,0,0,0,0,1,1,1,1,1,-0,0,1,-0,0,0,0,-0,0,0,-0,0,-0,0,-0,0,0,1,1,0,1,0,1,0,1,0,1,-0,-0,-0,-0,1,0,0,-0,1,1,1,0,-0,1,0,1,1,-0,1,1,1
154,892,-0,0,0,-0,0,0,-0,0,1,0,-0,-0,0,0,-0,0,-0,1,1,1,1,1,1,1,1,0,0,-0,-0,0,0,0,0,-0,1,0,-0,-0,0,0,1,-0,0,0,0,-0,-0,1,1,1,1,1,0,-0,1,0,-0,0,-0,-0,0,-0,-0,-0,0,-0,-0,-0,0,1,1,0,1,-0,1,0,1,0,1,0,-0,0,-0,1,0,0,-0,1,1,1,-0,0,1,0,1,1,1,1,-0,1
162,916,-0,0,0,0,0,0,0,0,1,0,0,0,-0,0,0,-0,0,1,1,1,1,1,1,1,1,0,0,0,1,-0,-0,0,-0,-0,1,0,-0,-0,0,0,1,-0,-0,0,0,0,0,1,1,1,1,1,0,-0,1,-0,-0,-0,0,0,0,0,-0,-0,0,0,-0,-0,0,1,1,-0,1,-0,1,0,1,-0,1,-0,0,0,0,1,0,0,0,1,1,1,-0,0,1,-0,1,1,0,1,1,1
165,919,0,0,0,0,0,-0,0,-0,1,0,-0,1,0,0,-0,-0,-0,1,1,1,1,1,1,1,1,-0,0,0,0,0,-0,0,-0,0,1,0,0,0,0,0,1,0,0,0,-0,0,-0,1,1,1,1,1,0,-0,1,0,0,0,0,-0,0,-0,-0,0,0,0,0,0,-0,1,1,-0,1,0,1,0,1,-0,1,-0,0,0,-0,1,-0,0,-0,1,1,1,0,0,1,0,1,1,0,1,1,1
179,934,1,0,0,0,0,0,-0,1,1,0,0,0,-0,0,1,-0,0,1,-0,1,1,1,1,1,1,0,0,0,-0,0,-0,-0,-0,-0,1,0,-0,-0,-0,-0,1,-0,-0,0,0,0,-0,1,1,1,1,1,0,-0,1,0,-0,0,0,0,0,-0,-0,-0,-0,-0,-0,0,0,1,1,-0,1,-0,1,0,1,-0,1,0,-0,0,0,1,-0,0,-0,1,1,1,0,0,1,0,1,1,0,1,1,1
186,937,0,0,0,0,0,0,0,0,0,0,0,-0,0,0,-0,-0,0,1,-0,1,1,1,1,1,1,0,-0,0,-0,0,0,-0,-0,-0,1,0,0,0,0,-0,1,-0,-0,0,-0,0,0,1,1,1,1,1,-0,0,1,-0,0,-0,0,-0,0,-0,0,-0,0,-0,-0,0,0,1,1,-0,1,-0,1,0,1,-0,1,0,-0,0,-0,1,0,0,-0,1,1,1,1,1,1,1,1,1,1,1,1,1
187,939,-0,0,0,-0,0,0,-0,0,1,0,-0,-0,-0,0,0,0,0,1,1,1,1,1,1,1,1,-0,-0,0,0,0,-0,-0,0,0,1,-0,-0,0,-0,-0,1,-0,-0,-0,-0,-0,0,1,1,1,1,1,0,1,-0,-0,-0,0,-0,-0,-0,0,0,0,-0,-0,0,1,-0,-0,1,1,1,1,1,0,1,-0,1,0,-0,-0,0,0,0,0,-0,1,1,1,0,-0,1,0,1,1,-0,1,1,1
189,948,0,0,0,0,0,0,-0,-0,-0,0,0,-0,-0,0,0,0,0,1,1,1,1,1,1,1,1,0,-0,-0,0,0,0,0,0,-0,1,0,-0,0,0,0,1,-0,-0,-0,0,-0,0,1,1,1,1,1,-0,1,-0,-0,-0,-0,0,-0,0,-0,-0,-0,0,0,0,1,-0,0,1,1,1,1,1,0,1,-0,1,0,-0,0,0,1,1,0,0,1,1,1,-0,-0,1,-0,1,1,0,1,0,1
195,975,0,0,0,0,0,0,-0,-0,1,0,-0,0,-0,0,0,-0,-0,1,1,1,1,1,1,1,1,-0,-0,-0,-0,-0,-0,-0,-0,0,1,0,0,0,0,0,1,-0,0,0,-0,-0,-0,1,1,1,1,1,-0,1,-0,0,-0,0,-0,0,-0,0,-0,0,-0,0,-0,1,-0,0,1,1,1,1,1,0,1,0,1,-0,0,0,-0,1,1,0,0,1,1,1,0,0,1,0,1,1,0,1,0,1
196,976,1,0,0,-0,0,0,0,0,1,0,-0,1,-0,0,0,0,-0,1,1,1,1,1,1,1,1,1,0,0,-0,-0,-0,0,0,0,1,0,-0,-0,-0,-0,1,0,0,0,0,-0,-0,1,1,1,1,1,-0,0,1,-0,0,0,0,-0,0,0,-0,0,-0,0,-0,0,0,1,1,0,1,0,1,0,1,0,1,-0,-0,-0,-0,1,0,0,-0,1,1,1,0,-0,1,0,1,1,-0,1,1,1
198,985,0,0,0,-0,0,0,-0,0,0,-0,0,0,-0,0,0,-0,-0,1,1,1,1,1,1,1,-0,-0,0,0,-0,-0,-0,0,-0,0,1,0,0,0,0,0,1,-0,0,0,0,0,0,1,1,1,1,1,-0,1,1,0,0,0,0,-0,-0,-0,0,-0,0,0,-0,1,0,-0,1,1,1,1,1,0,1,0,1,0,0,0,0,1,1,0,0,1,1,1,0,0,1,1,1,1,1,1,-0,1
203,990,0,0,-0,-0,-0,0,0,0,1,0,-0,-0,-0,-0,-0,0,0,1,0,1,1,1,1,1,1,-0,-0,-0,1,-0,-0,0,-0,-0,1,0,0,0,-0,0,1,0,0,-0,-0,-0,-0,0,1,1,1,1,0,1,0,0,0,0,0,0,-0,-0,-0,0,0,-0,-0,0,-0,-0,1,1,1,1,1,0,1,-0,1,0,-0,-0,0,1,1,0,0,1,1,1,0,-0,1,1,1,1,1,1,1,1
204,1005,0,0,0,-0,0,0,-0,0,1,0,0,-0,-0,-0,-0,-0,0,1,1,1,1,1,1,1,1,-0,-0,-0,1,0,-0,-0,0,0,1,-0,0,0,-0,-0,1,0,-0,0,0,0,0,1,1,1,1,1,0,1,-0,0,0,-0,0,0,0,-0,0,-0,-0,-0,0,1,-0,-0,1,1,1,1,1,0,1,0,1,-0,0,0,-0,1,1,0,0,1,1,1,0,-0,1,-0,1,1,-0,1,-0,1
210,1017,-0,0,0,0,0,0,0,-0,1,0,0,0,0,0,-0,0,0,1,1,1,1,1,1,1,1,-0,-0,-0,-0,-0,-0,0,-0,-0,1,0,0,0,-0,-0,1,0,0,0,-0,0,0,1,1,1,1,1,0,1,0,0,0,0,0,0,0,0,-0,-0,0,0,-0,1,-0,0,1,1,1,1,1,0,1,0,1,0,-0,0,-0,1,1,0,-0,1,1,1,0,0,1,0,1,1,1,1,1,1
212,1025,0,0,0,0,0,-0,0,0,1,-0,0,-0,0,0,0,-0,0,1,1,1,1,1,1,1,1,-0,0,-0,1,0,-0,-0,-0,-0,1,-0,0,0,0,-0,1,-0,0,0,0,-0,0,-0,1,1,1,1,-0,1,0,0,0,0,0,-0,0,-0,-0,-0,-0,-0,-0,0,0,-0,1,1,1,1,1,0,1,0,1,-0,-0,0,-0,1,1,0,-0,1,1,1,-0,0,1,1,1,1,1,1,1,1
213,1033,-0,0,0,0,0,0,0,0,1,0,0,0,-0,0,0,-0,0,1,1,1,1,1,1,1,1,0,0,0,1,-0,-0,0,-0,-0,1,0,-0,-0,0,0,1,-0,-0,0,0,-0,-0,-0,1,1,1,1,-0,1,-0,-0,-0,0,0,-0,0,-0,0,-0,0,-0,-0,1,0,0,1,1,1,1,1,0,1,-0,1,-0,0,0,-0,1,1,0,0,1,1,1,0,0,1,1,1,1,1,1,-0,1
225,1052,-0,0,0,0,0,0,-0,-0,1,0,0,0,-0,0,-0,-0,-0,1,1,1,1,1,1,1,1,-0,-0,0,-0,0,-0,0,0,0,1,0,0,0,0,0,1,-0,-0,0,0,0,0,1,1,1,1,1,0,1,0,-0,0,0,-0,-0,0,0,0,-0,0,-0,0,1,0,-0,1,1,1,1,1,0,1,0,1,0,0,-0,0,1,1,0,1,1,1,1,-0,-0,1,1,1,1,1,1,-0,1
231,1053,0,0,0,0,0,0,-0,0,1,0,0,1,0,0,0,0,0,1,1,1,1,1,1,1,1,1,0,-0,0,-0,-0,-0,-0,0,1,0,0,0,-0,0,-0,0,-0,0,0,0,0,1,1,1,1,1,0,1,-0,0,0,0,0,-0,-0,-0,0,-0,0,0,-0,1,0,-0,1,1,1,1,1,0,1,0,1,0,0,0,0,1,1,0,0,1,1,1,0,0,1,1,1,1,1,1,-0,1
232,1070,0,0,0,0,0,0,0,0,1,0,-0,-0,0,0,0,-0,0,1,1,1,1,1,1,1,1,0,0,-0,0,-0,0,-0,-0,0,1,0,-0,-0,-0,0,1,0,-0,-0,0,0,-0,1,1,1,1,1,0,1,0,-0,0,0,-0,-0,0,0,0,-0,0,-0,0,1,0,-0,1,1,1,1,1,0,1,0,1,0,0,-0,0,1,1,0,1,1,1,1,-0,-0,1,1,1,1,1,1,1,1
234,1082,0,0,0,-0,0,0,-0,0,1,0,0,-0,-0,-0,-0,-0,0,1,1,1,1,1,1,1,1,-0,-0,-0,1,0,-0,-0,0,0,1,-0,0,0,-0,-0,1,0,-0,-0,-0,-0,0,1,1,1,1,1,0,1,0,-0,-0,0,0,0,0,0,-0,-0,-0,-0,-0,1,-0,-0,1,1,1,1,1,0,1,0,1,-0,-0,0,-0,1,1,0,1,1,1,1,-0,-0,1,1,1,1,1,1,0,1
241,1100,0,0,0,-0,0,0,-0,0,1,0,0,-0,-0,-0,-0,-0,0,1,1,1,1,1,1,1,1,-0,-0,-0,1,0,-0,-0,0,0,1,-0,0,0,-0,-0,1,0,-0,-0,-0,-0,0,1,1,1,1,1,0,1,0,-0,-0,0,0,0,0,0,-0,-0,-0,-0,-0,1,-0,-0,1,1,1,1,1,0,1,0,1,-0,-0,0,0,1,1,0,1,1,1,1,0,0,1,1,1,1,1,1,1,1
244,1102,0,0,0,0,0,0,0,1,1,0,-0,-0,0,0,-0,0,0,1,1,1,1,1,1,1,-0,1,1,0,1,0,-0,-0,-0,1,1,-0,-0,-0,0,0,1,0,0,0,-0,-0,-0,-0,1,1,1,1,-0,1,-0,0,-0,0,0,0,-0,-0,0,0,-0,0,-0,-0,0,0,1,1,1,1,1,0,1,0,1,-0,0,-0,-0,1,1,-0,0,1,1,1,0,-0,1,1,1,1,1,1,1,1
253,1103,-0,0,0,-0,0,0,0,0,1,0,-0,-0,0,0,0,-0,0,1,1,1,1,1,1,1,0,-0,-0,0,0,-0,-0,0,-0,1,1,0,0,-0,0,0,1,0,0,0,0,0,-0,1,1,1,1,1,-0,1,1,1,1,0,-0,1,0,-0,-0,1,0,0,-0,0,0,1,1,1,1,0,1,0,0,-0,1,1,0,0,1,1,1,-0,1,1,1,1,0,-0,1,-0,1,0,0,1,-0,1
254,1123,0,0,0,-0,0,0,0,1,1,0,-0,-0,-0,-0,1,0,-0,1,1,1,1,1,1,1,-0,1,1,-0,1,0,-0,0,-0,-0,1,0,-0,-0,-0,-0,1,0,-0,0,0,0,0,1,1,1,1,1,-0,1,0,-0,-0,-0,0,-0,-0,-0,0,0,0,-0,0,1,-0,0,1,1,1,1,1,0,1,0,1,-0,-0,0,0,1,1,0,-0,1,1,1,-0,0,1,0,1,1,1,1,1,1
261,1148,0,0,0,0,0,-0,-0,1,1,0,-0,0,-0,0,1,0,0,1,1,1,1,1,1,1,-0,1,1,0,1,0,-0,0,0,-0,1,0,-0,-0,0,0,1,-0,0,0,-0,0,0,1,1,1,1,1,0,1,0,-0,-0,-0,0,-0,0,0,-0,0,0,-0,-0,1,0,0,1,1,1,1,1,0,1,0,1,-0,-0,0,0,1,1,0,0,1,1,1,0,0,1,1,1,1,1,1,1,1
270,1165,-0,0,0,0,0,0,0,-0,1,0,0,0,0,0,0,0,0,1,1,1,1,1,1,1,1,-0,-0,0,0,0,0,-0,0,-0,1,0,0,-0,-0,0,1,0,0,0,0,-0,0,0,1,1,1,1,-0,1,1,1,1,0,0,1,-0,0,-0,1,0,0,-0,0,0,1,1,1,1,0,1,0,0,-0,1,1,0,0,1,1,1,0,1,1,1,1,0,0,1,1,1,1,1,1,0,1
276,1176,-0,0,0,-0,0,-0,0,1,1,0,0,0,-0,0,1,0,-0,1,1,1,1,1,1,1,0,1,1,0,1,-0,-0,0,0,0,1,0,-0,-0,0,-0,1,0,-0,0,-0,0,0,1,1,1,1,1,-0,1,-0,-0,0,0,0,-0,0,0,0,-0,-0,0,-0,1,0,-0,1,1,1,1,1,0,1,0,1,0,-0,-0,-0,1,1,0,1,1,1,1,-0,0,1,1,1,1,1,1,1,1
277,1183,-0,0,0,0,0,0,0,-0,1,0,0,0,0,0,0,0,0,1,1,1,1,1,1,1,1,-0,-0,0,0,0,0,-0,0,-0,1,0,0,-0,-0,0,1,0,0,0,0,-0,0,0,1,1,1,1,-0,1,1,1,1,0,0,1,-0,0,-0,1,0,0,-0,0,0,1,1,1,1,0,1,0,0,-0,1,1,0,0,1,1,1,0,1,1,1,1,-0,0,1,1,1,1,1,1,1,1
282,1194,-0,0,0,-0,0,0,0,0,1,0,-0,-0,0,0,0,-0,0,1,1,1,1,1,1,1,0,-0,-0,0,0,-0,-0,0,-0,1,1,0,0,-0,0,0,1,0,0,0,0,0,-0,1,1,1,1,1,-0,1,1,1,1,0,-0,1,0,-0,-0,1,0,0,-0,0,0,1,1,1,1,0,1,0,0,-0,1,1,0,0,1,1,1,-0,1,1,1,1,-0,0,1,1,1,1,1,1,1,1
283,1204,0,0,0,0,0,0,0,0,1,0,-0,-0,0,0,0,-0,0,1,1,1,1,1,1,1,1,0,0,-0,0,-0,0,-0,-0,0,1,0,-0,-0,-0,0,1,0,-0,-0,0,0,-0,1,1,1,1,1,0,1,1,1,1,-0,0,1,-0,-0,-0,1,0,0,-0,0,0,1,1,1,1,-0,1,0,-0,0,1,1,0,0,1,1,1,0,1,1,1,1,0,0,1,1,1,1,1,1,1,1
291,1209,-0,0,0,-0,0,0,-0,-0,0,0,-0,0,0,0,0,-0,0,1,1,1,1,1,1,1,1,0,0,-0,-0,0,0,-0,-0,-0,1,-0,0,-0,-0,-0,1,-0,0,0,0,-0,0,0,1,1,1,1,0,1,1,1,1,0,0,1,0,-0,0,1,-0,-0,0,0,0,1,1,1,1,0,1,0,1,0,1,1,1,0,1,1,1,0,1,1,1,1,0,0,1,1,1,1,1,1,1,1
292,1223,0,0,0,0,0,0,-0,1,1,0,0,0,0,0,0,0,-0,1,1,1,1,1,1,1,-0,0,0,-0,0,-0,0,0,-0,1,1,0,-0,0,0,0,1,0,0,0,0,-0,-0,1,1,1,1,1,0,1,1,1,1,-0,0,1,0,-0,-0,1,-0,-0,0,-0,0,1,1,1,1,-0,1,0,-0,0,1,1,-0,0,1,1,1,-0,1,1,1,1,0,-0,1,1,1,1,1,1,1,1
294,1227,0,0,0,0,0,0,0,-0,1,0,0,1,-0,0,0,-0,0,1,1,1,1,1,1,1,0,-0,0,0,-0,0,-0,0,0,1,1,0,0,-0,-0,0,1,0,0,0,0,0,0,1,1,1,1,1,-0,1,1,1,1,0,0,1,-0,-0,0,1,0,0,-0,0,0,1,1,1,1,-0,1,0,-0,0,1,1,0,0,1,1,1,0,1,1,1,1,0,0,1,1,1,1,1,1,1,1
300,1244,0,0,0,0,0,0,0,0,1,0,0,0,-0,0,-0,0,0,1,1,1,1,1,1,1,1,1,0,0,1,0,-0,-0,-0,-0,1,0,-0,-0,-0,0,1,-0,0,0,-0,0,0,1,1,1,1,1,0,1,1,1,1,0,0,1,0,-0,-0,1,-0,-0,-0,0,-0,1,1,1,1,0,1,0,-0,-0,1,1,0,0,1,1,1,0,1,1,1,1,-0,0,1,1,1,1,1,1,-0,1
302,1253,0,0,0,0,0,0,-0,-0,1,0,-0,-0,0,0,0,-0,0,1,1,1,1,1,1,1,1,-0,0,0,-0,-0,0,0,0,-0,1,-0,-0,0,-0,0,1,-0,0,0,-0,-0,-0,1,1,1,1,1,0,1,1,1,1,-0,0,1,-0,-0,0,1,-0,0,1,1,0,1,1,1,1,0,1,0,0,0,1,1,0,0,1,1,1,0,1,1,1,1,-0,-0,1,1,1,1,1,1,1,1
306,1256,-0,0,0,-0,0,-0,-0,-0,-0,0,-0,0,0,0,0,0,0,1,1,1,1,1,1,1,1,0,0,0,-0,0,-0,-0,-0,0,1,-0,0,0,0,-0,1,-0,-0,0,0,-0,0,1,1,1,1,1,0,1,1,1,1,0,0,1,-0,-0,-0,1,-0,-0,-0,-0,0,1,1,1,1,1,1,0,1,1,1,1,1,0,0,1,1,0,1,1,1,1,-0,-0,1,1,1,1,1,1,-0,1
307,1262,-0,0,0,0,0,0,0,0,1,0,-0,-0,0,0,0,0,0,1,1,1,1,1,1,1,1,1,0,0,1,0,0,-0,-0,0,1,0,-0,-0,-0,-0,1,0,0,-0,0,0,0,1,1,1,1,1,0,1,1,1,1,0,0,1,-0,0,0,1,0,-0,-0,0,-0,1,1,1,1,0,1,0,0,-0,1,1,-0,-0,1,1,1,0,1,1,1,1,0,-0,1,1,1,1,1,1,1,1
310,1268,0,0,0,0,0,0,-0,-0,1,0,-0,-0,0,0,0,-0,0,1,1,1,1,1,1,1,1,-0,0,0,-0,-0,0,0,0,-0,1,-0,-0,0,-0,0,1,-0,0,0,-0,-0,-0,1,1,1,1,1,0,1,1,1,1,-0,0,1,-0,1,1,1,0,0,1,1,-0,1,1,1,1,0,1,0,0,-0,1,1,-0,0,1,1,1,0,1,1,1,1,0,-0,1,1,1,1,0,1,-0,1
311,1273,0,0,0,0,0,0,0,-0,1,0,0,-0,0,0,-0,0,0,1,1,1,1,1,1,1,0,0,-0,0,-0,-0,-0,-0,0,1,1,0,-0,-0,0,-0,1,0,0,0,-0,0,0,1,1,1,1,1,0,1,1,1,1,0,0,1,0,-0,0,1,0,0,-0,-0,0,1,1,1,1,1,1,0,1,1,1,1,1,0,0,1,1,0,1,1,1,1,-0,0,1,1,1,1,1,1,0,1
312,1283,0,0,0,0,0,0,-0,-0,1,0,-0,-0,0,0,0,-0,0,1,1,1,1,1,1,1,1,-0,0,0,-0,-0,0,0,0,-0,1,-0,-0,0,-0,0,1,-0,0,0,-0,-0,-0,1,1,1,1,1,0,1,1,1,1,-0,0,1,-0,-0,0,1,-0,0,0,0,-0,1,1,1,1,1,1,0,1,1,1,1,1,0,-0,1,1,0,1,1,1,1,-0,0,1,1,1,1,1,1,-0,1
316,1292,0,0,0,-0,0,-0,0,0,1,0,0,0,-0,0,0,-0,0,1,1,1,1,1,1,1,0,-0,0,0,-0,0,-0,-0,-0,1,1,0,1,1,-0,1,1,0,0,0,0,-0,-0,1,1,1,1,1,0,1,1,1,1,0,-0,0,0,1,1,1,-0,-0,-0,-0,0,1,1,1,1,-0,1,0,-0,0,1,1,0,0,1,1,1,0,1,1,1,1,0,0,1,1,1,1,1,1,-0,1
319,1301,-0,0,0,0,0,0,-0,-0,1,0,-0,0,-0,0,0,-0,-0,1,1,1,1,1,1,1,1,0,-0,0,0,-0,0,-0,0,-0,1,0,-0,-0,-0,-0,1,0,0,0,0,-0,-0,1,1,1,1,1,-0,1,1,1,1,-0,-0,1,0,-0,-0,1,0,-0,0,-0,-0,1,1,1,1,1,1,0,1,1,1,1,1,0,-0,1,1,0,1,1,1,1,0,0,1,1,1,1,1,1,1,1
320,1302,0,0,0,0,0,-0,0,-0,1,0,0,-0,-0,0,1,0,0,1,1,1,1,1,1,1,1,-0,0,-0,-0,-0,-0,0,0,-0,1,0,0,0,-0,0,1,-0,0,-0,0,0,-0,1,1,1,1,1,0,1,1,1,1,-0,0,1,-0,-0,-0,1,-0,-0,0,0,0,1,1,1,1,1,1,0,1,1,1,1,1,-0,-0,1,1,0,1,1,1,1,-0,-0,1,1,1,1,-0,1,1,1
321,1308,-0,0,-0,0,-0,-0,0,-0,1,0,0,-0,0,-0,1,0,-0,1,1,1,1,1,1,1,1,0,0,-0,0,0,0,0,-0,0,1,-0,0,0,-0,0,1,0,0,-0,-0,-0,0,1,1,1,1,1,0,1,1,1,1,-0,0,1,-0,-0,-0,1,0,0,-0,-0,0,1,1,1,1,1,1,0,1,1,1,1,1,0,0,1,1,0,1,1,1,1,-0,-0,1,1,1,1,1,1,0,1
322,1312,-0,0,0,-0,0,0,0,1,1,0,0,0,0,0,0,0,-0,1,1,1,1,1,1,1,1,-0,-0,-0,0,-0,-0,0,0,-0,1,0,-0,0,-0,0,1,-0,0,-0,-0,-0,0,1,1,1,1,1,0,1,1,1,1,0,0,1,-0,-0,-0,1,-0,-0,0,0,-0,1,1,1,1,1,1,0,1,1,1,1,1,0,-0,1,1,0,1,1,1,1,-0,-0,1,1,1,1,1,1,0,1
326,1314,-0,0,0,0,0,0,-0,0,1,0,0,1,-0,0,0,-0,-0,1,1,1,1,1,1,1,1,-0,0,0,-0,-0,-0,-0,-0,0,1,0,0,0,0,1,1,0,0,0,0,-0,-0,1,-0,1,1,1,0,1,1,1,1,0,0,1,0,-0,0,1,0,-0,1,-0,-0,1,1,1,1,1,1,0,1,1,1,1,1,0,0,1,1,0,1,1,1,1,-0,0,1,1,1,1,-0,1,0,1
327,1315,-0,0,0,-0,0,0,0,-0,1,0,-0,-0,-0,0,-0,-0,0,1,1,1,1,1,1,1,0,0,0,0,-0,-0,0,0,0,1,1,0,1,1,-0,1,1,0,0,0,-0,0,0,1,1,1,1,1,0,1,1,1,1,0,0,0,0,1,1,1,-0,-0,1,-0,0,1,1,1,1,0,1,0,0,-0,1,1,0,0,1,1,1,0,1,1,1,1,0,0,1,1,1,1,1,1,0,1
328,1326,-0,0,0,0,0,0,-0,0,1,0,-0,-0,-0,0,1,0,0,1,1,1,1,1,1,1,1,-0,-0,0,0,-0,-0,0,-0,-0,1,0,0,0,-0,-0,1,-0,0,0,-0,-0,-0,1,1,1,1,1,0,1,1,1,1,-0,0,1,-0,-0,-0,1,-0,0,-0,-0,0,1,1,1,1,1,1,0,1,1,1,1,1,0,0,1,1,0,1,1,1,1,-0,-0,1,1,1,1,1,1,1,1
329,1330,-0,0,0,-0,0,0,0,1,1,0,0,0,0,0,0,0,-0,1,1,1,1,1,1,1,1,-0,-0,-0,0,-0,-0,0,0,-0,1,0,-0,0,-0,0,1,-0,0,-0,-0,-0,0,1,1,1,1,1,0,1,1,1,1,0,0,1,-0,-0,-0,1,-0,-0,0,0,-0,1,1,1,1,1,1,0,1,1,1,1,1,0,0,1,1,0,1,1,1,1,-0,-0,1,1,1,1,1,1,1,1
331,1337,-0,0,0,0,0,0,0,1,1,0,0,-0,-0,-0,1,0,-0,1,1,1,1,1,1,1,1,0,0,-0,0,0,0,0,-0,0,1,-0,0,0,-0,0,1,0,0,-0,-0,-0,0,1,1,1,1,1,0,1,1,1,1,-0,0,1,-0,-0,-0,1,0,0,-0,-0,0,1,1,1,1,1,1,0,1,1,1,1,1,0,0,1,1,0,1,1,1,1,-0,-0,1,1,1,1,1,1,0,1
334,1351,0,0,0,0,0,-0,-0,0,1,0,-0,0,0,0,-0,0,0,1,1,1,1,1,1,1,1,-0,0,0,-0,-0,0,-0,-0,1,1,-0,1,1,0,1,1,0,-0,0,0,0,0,1,1,1,1,1,0,1,1,1,1,-0,0,0,-0,1,1,1,-0,-0,1,0,0,1,1,1,1,-0,1,0,-0,0,1,1,0,-0,1,1,1,0,1,1,1,1,0,0,1,1,1,1,1,1,0,1
336,1358,0,0,0,-0,0,-0,0,0,1,0,0,0,-0,0,0,-0,0,1,1,1,1,1,1,1,0,-0,0,0,-0,0,-0,-0,-0,1,1,0,1,1,-0,1,1,0,0,0,0,-0,0,1,1,1,1,1,0,1,1,1,1,0,0,1,-0,-0,-0,1,-0,-0,-0,-0,0,1,1,1,1,1,1,0,1,1,1,1,1,0,0,1,1,0,1,1,1,1,-0,-0,1,1,1,1,1,1,-0,1
341,1360,0,-0,-0,0,-0,-0,0,-0,1,0,-0,-0,0,0,0,-0,-0,1,1,1,1,1,1,1,1,1,0,-0,1,-0,-0,-0,0,0,1,-0,1,1,0,1,1,0,-0,0,0,-0,0,1,1,1,1,1,-0,1,1,1,1,-0,-0,-0,-0,1,1,1,0,-0,-0,0,0,1,1,1,1,-0,1,-0,0,0,1,1,0,-0,1,1,1,0,1,1,1,1,-0,0,1,1,1,1,1,1,-0,1
344,1382,-0,-0,-0,-0,0,-0,0,1,1,0,0,-0,0,-0,-0,0,0,1,1,1,1,1,1,1,1,-0,-0,-0,-0,0,0,0,0,1,1,-0,1,1,0,1,1,-0,-0,0,-0,-0,-0,1,1,1,1,1,0,1,1,1,1,0,0,0,0,1,1,1,0,0,1,1,-0,1,1,1,1,0,1,0,0,-0,1,1,-0,0,1,1,1,0,1,1,1,1,0,-0,1,1,1,1,0,1,-0,1
352,1383,0,0,0,0,0,0,0,-0,1,0,0,0,0,0,0,0,0,1,1,1,1,1,1,1,1,1,-0,0,1,0,0,-0,0,-0,1,0,1,1,-0,1,1,-0,0,0,0,0,0,1,1,1,1,1,0,1,1,1,1,0,0,-0,0,1,1,1,0,-0,1,-0,0,1,1,1,1,-0,1,0,0,0,1,1,0,-0,1,1,1,0,1,1,1,1,0,-0,1,1,1,1,1,1,-0,1
354,1386,-0,0,-0,0,0,0,0,0,1,-0,0,0,-0,0,0,-0,-0,1,1,1,1,1,1,1,0,-0,0,0,-0,0,0,0,-0,1,1,-0,1,1,0,1,1,0,0,0,-0,-0,0,1,1,1,1,1,0,1,1,1,1,0,-0,0,-0,1,1,1,-0,0,1,-0,-0,1,1,1,1,-0,1,0,1,-0,1,1,1,0,1,1,1,-0,1,1,1,1,0,0,1,1,1,1,1,1,1,1
356,1388,0,0,0,0,0,-0,0,-0,1,0,-0,1,0,0,-0,-0,-0,1,1,1,1,1,1,1,1,-0,0,0,0,0,-0,0,-0,0,1,0,-0,-0,-0,1,1,0,-0,-0,-0,0,-0,1,-0,1,1,1,-0,1,1,1,1,0,0,1,0,-0,-0,1,-0,-0,1,-0,0,1,1,1,1,1,1,0,1,1,1,1,1,0,-0,1,1,0,1,1,1,1,1,0,1,1,1,1,1,1,1,1
358,1421,0,0,0,0,0,0,0,1,1,0,-0,0,0,0,1,-0,0,1,1,1,1,1,1,1,0,1,1,0,1,-0,0,0,0,1,1,0,1,1,0,1,1,-0,0,0,0,-0,-0,1,1,1,1,1,-0,1,1,1,1,0,0,1,0,0,-0,1,-0,-0,-0,-0,0,1,1,1,1,-0,1,0,-0,0,1,1,-0,0,1,1,1,0,1,1,1,1,-0,0,1,1,1,1,1,1,1,1
366,1447,0,0,0,0,0,0,-0,1,1,0,-0,0,0,0,1,0,0,1,1,1,1,1,1,1,0,1,1,0,1,0,0,0,-0,1,1,0,1,1,-0,1,1,-0,0,0,0,0,0,1,1,1,1,1,-0,1,1,1,1,-0,0,1,-0,-0,0,1,0,-0,0,1,0,1,1,1,1,-0,1,0,-0,0,1,1,0,-0,1,1,1,0,1,1,1,1,0,-0,1,1,1,1,1,1,1,1
371,1451,-0,-0,-0,-0,0,-0,0,1,1,0,0,-0,0,-0,-0,0,0,1,1,1,1,1,1,1,1,-0,-0,-0,-0,0,0,0,0,1,1,-0,1,1,0,1,1,-0,-0,0,-0,-0,-0,1,1,1,1,1,0,1,1,1,1,0,0,0,0,1,1,1,0,0,1,-0,-0,1,1,1,1,-0,1,0,1,-0,1,1,1,0,1,1,1,0,1,1,1,1,-0,0,1,1,1,1,1,1,1,1
381,1453,0,0,0,0,0,0,0,-0,1,0,0,-0,0,0,0,0,0,1,1,1,1,1,1,1,0,1,1,0,1,-0,0,-0,-0,1,1,0,1,1,-0,1,1,0,-0,-0,0,0,0,1,1,1,1,1,0,1,1,1,1,-0,0,0,0,1,1,1,0,-0,1,0,-0,1,1,1,1,0,1,0,-0,-0,1,1,-0,0,1,1,1,0,1,1,1,1,1,0,1,1,1,1,1,1,1,1
382,1472,0,-0,-0,-0,0,0,0,0,1,0,-0,0,-0,0,1,0,-0,1,1,1,1,1,1,1,-0,1,1,-0,1,-0,-0,-0,0,1,1,-0,1,1,0,1,1,-0,0,0,0,0,-0,1,1,1,1,1,-0,1,1,1,1,-0,-0,1,-0,1,1,1,0,-0,1,0,0,1,1,1,1,-0,1,0,-0,-0,1,1,0,0,1,1,1,0,1,1,1,1,0,-0,1,1,1,1,1,1,1,1
385,1483,-0,0,0,0,0,0,0,1,1,-0,-0,0,0,-0,1,-0,0,1,1,1,1,1,1,1,0,1,1,-0,1,-0,0,-0,0,1,1,0,1,1,0,1,1,0,-0,-0,-0,-0,-0,1,1,1,1,1,-0,1,1,1,1,-0,-0,1,-0,1,1,1,0,-0,1,0,0,1,1,1,1,-0,1,0,0,-0,1,1,-0,-0,1,1,1,0,1,1,1,1,0,0,1,1,1,1,1,1,0,1
387,1500,0,0,0,0,0,0,-0,1,1,0,-0,0,0,0,1,0,0,1,1,1,1,1,1,1,0,1,1,0,1,0,0,0,-0,1,1,0,1,1,-0,1,1,-0,0,0,0,0,0,1,1,1,1,1,-0,1,1,1,1,-0,0,1,-0,-0,0,1,0,-0,0,0,0,1,1,1,1,1,1,0,1,1,1,1,1,0,-0,1,1,0,1,1,1,1,0,-0,1,1,1,1,1,1,0,1
392,1501,0,0,0,0,0,0,0,1,1,0,-0,0,-0,0,1,-0,0,1,1,1,1,1,1,1,-0,1,1,0,1,-0,0,0,0,1,1,0,1,1,-0,1,1,0,0,0,0,0,-0,1,1,1,1,1,-0,1,1,1,1,0,0,1,0,1,1,1,-0,-0,1,0,-0,1,1,1,1,-0,1,0,-0,-0,1,1,-0,0,1,1,1,0,1,1,1,1,-0,-0,1,1,1,1,1,1,1,1
395,1505,0,0,0,0,-0,0,0,1,1,0,0,-0,-0,0,1,-0,-0,1,1,1,1,1,1,1,-0,1,1,0,1,-0,-0,-0,0,1,1,-0,1,1,0,1,1,0,0,-0,-0,0,-0,1,1,1,1,1,0,1,1,1,1,-0,0,1,-0,1,1,1,0,-0,1,0,-0,1,1,1,1,-0,1,0,0,0,1,1,1,0,1,1,1,0,1,1,1,1,-0,-0,1,1,1,1,1,1,0,1
401,1520,0,0,0,0,0,0,0,1,1,0,-0,-0,0,0,-0,0,0,1,1,1,1,1,1,1,-0,1,1,0,1,0,-0,-0,-0,1,1,-0,1,1,0,1,1,-0,0,0,0,0,0,1,1,1,1,1,0,1,1,1,1,-0,-0,1,1,1,1,1,-0,0,1,1,0,1,1,1,1,-0,1,0,-0,0,1,1,0,-0,1,1,1,0,1,1,1,1,0,-0,1,1,1,1,1,1,1,1
417,1524,0,0,0,-0,0,0,0,-0,1,0,-0,1,-0,0,0,0,0,1,1,1,1,1,1,1,1,1,1,0,1,1,1,1,1,1,1,-0,1,1,-0,0,-0,0,0,0,-0,-0,-0,1,1,1,1,1,1,1,1,1,1,1,0,0,-0,1,0,0,0,-0,1,-0,0,1,1,1,1,-0,-0,0,0,-0,1,1,-0,-0,1,1,1,0,1,1,1,1,1,0,1,1,1,1,1,1,1,1
418,1532,-0,0,0,0,0,-0,0,-0,1,0,0,-0,-0,-0,1,-0,0,1,1,1,1,1,1,1,0,1,1,0,1,0,-0,-0,0,1,1,0,1,1,0,1,1,-0,0,0,0,-0,0,1,1,1,1,1,-0,1,1,1,1,-0,0,-0,-0,1,1,1,-0,-0,1,-0,-0,1,1,1,1,-0,1,0,-0,-0,1,1,1,-0,1,1,1,0,1,1,1,1,1,1,1,1,1,1,1,1,1,1
421,1537,0,-0,0,-0,0,-0,-0,0,1,0,0,0,-0,0,-0,-0,-0,1,-0,1,1,1,1,1,1,1,1,0,-0,1,1,1,1,1,1,0,1,1,0,1,1,0,0,0,-0,0,0,1,1,1,1,1,1,-0,1,1,1,1,0,1,-0,1,1,1,0,0,1,-0,0,1,1,1,1,0,1,0,-0,-0,1,1,-0,0,1,1,1,0,1,1,1,1,0,-0,1,1,1,1,1,1,1,1
423,1551,0,0,0,0,0,0,-0,1,1,0,0,0,-0,0,1,0,0,1,1,1,1,1,1,1,-0,1,1,-0,1,-0,-0,0,0,1,1,0,1,1,-0,1,1,0,0,0,-0,0,-0,1,1,1,1,1,0,1,1,1,1,1,-0,1,0,1,1,1,0,-0,1,0,0,1,1,1,1,0,1,0,-0,-0,1,1,-0,-0,1,1,1,0,1,1,1,1,1,0,1,1,1,1,1,1,1,1
425,1565,-0,0,0,0,0,0,-0,1,1,0,0,0,0,0,1,-0,0,1,1,1,1,1,1,1,-0,1,1,0,1,0,-0,0,0,1,1,0,1,1,0,1,1,0,0,0,0,-0,-0,1,1,1,1,1,0,1,1,1,1,0,0,1,0,1,1,1,0,0,1,0,0,1,1,1,1,0,1,0,0,0,1,1,0,0,1,1,1,-0,1,1,1,1,1,1,1,1,1,1,1,1,1,1
430,1572,-0,0,0,0,0,0,-0,-0,1,0,0,-0,-0,0,0,-0,-0,1,1,1,1,1,1,1,1,1,1,-0,0,1,1,1,1,1,1,-0,1,1,0,1,1,0,0,0,0,0,-0,1,1,1,1,1,1,-0,1,1,1,1,-0,1,0,1,1,1,-0,0,1,0,-0,1,1,1,1,0,1,0,0,-0,1,1,-0,0,1,1,1,0,1,1,1,1,-0,0,1,1,1,1,1,1,1,1
434,1584,0,0,0,0,0,0,0,1,1,0,-0,-0,0,0,-0,0,0,1,1,1,1,1,1,1,-0,1,1,0,1,0,-0,-0,-0,1,1,-0,1,1,0,1,1,-0,0,0,0,0,0,1,1,1,1,1,0,1,1,1,1,-0,-0,1,1,1,1,1,-0,0,1,1,0,1,1,1,1,-0,1,0,-0,0,1,1,0,-0,1,1,1,0,1,1,1,1,1,1,1,1,1,1,1,1,1,1
438,1597,0,0,-0,-0,-0,-0,-0,-0,1,-0,0,0,-0,0,-0,1,0,1,1,1,1,1,1,1,1,1,1,0,1,1,0,1,1,1,1,0,1,1,1,1,1,-0,0,0,-0,-0,-0,1,1,1,1,1,1,-0,1,1,1,1,0,1,0,1,1,1,0,0,-0,0,0,1,1,1,1,0,1,0,0,0,1,1,0,0,1,1,1,0,1,1,1,1,-0,0,1,1,1,1,1,1,-0,1
445,1598,0,0,0,-0,0,-0,1,1,1,0,-0,-0,0,0,-0,1,-0,1,1,1,1,1,1,1,1,1,1,0,1,1,-0,1,1,1,1,0,1,1,1,1,1,0,0,0,0,-0,0,1,1,1,1,1,1,0,1,1,1,1,-0,1,-0,1,1,1,0,-0,1,-0,0,1,1,1,1,-0,1,0,0,-0,1,1,0,-0,1,1,1,0,1,1,1,1,-0,0,1,0,1,-0,0,1,0,1
446,1601,0,0,0,-0,0,-0,0,0,1,0,-0,-0,0,0,1,0,0,1,1,1,1,1,1,1,1,0,0,0,1,1,-0,1,1,1,1,-0,1,1,1,1,1,0,-0,0,0,0,0,1,1,1,1,1,1,-0,1,1,1,1,-0,1,-0,1,1,1,-0,-0,1,1,-0,1,1,1,1,0,1,0,0,-0,1,1,-0,0,1,1,1,0,1,1,1,1,-0,-0,1,1,1,1,1,1,1,1
448,1606,0,0,0,0,0,0,0,0,1,0,-0,1,0,0,-0,-0,-0,1,1,1,1,1,1,1,1,1,1,0,1,1,1,1,1,1,1,0,1,1,-0,-0,0,0,-0,0,0,0,0,1,1,1,1,1,1,1,1,1,1,1,0,1,-0,1,1,1,0,0,1,-0,0,1,1,1,1,0,1,0,0,0,1,1,0,-0,1,1,1,0,1,1,1,1,0,0,1,1,1,1,1,1,1,1
449,1620,0,0,0,0,0,0,-0,-0,1,0,-0,-0,-0,-0,0,1,-0,1,1,1,1,1,1,1,1,1,1,0,1,1,-0,1,1,1,1,-0,1,1,1,1,1,0,0,-0,0,-0,-0,1,1,1,1,1,1,0,1,1,1,1,0,1,0,1,1,1,0,0,1,0,0,1,1,1,1,-0,1,0,0,-0,1,1,-0,0,1,1,1,0,1,1,1,1,0,0,1,1,1,1,1,1,-0,1
453,1620,-0,0,0,0,0,0,1,1,1,0,0,1,0,-0,0,0,-0,1,1,1,1,1,1,1,0,1,1,-0,0,1,1,1,1,1,1,0,1,1,0,1,1,0,-0,0,0,0,0,1,1,1,1,1,1,-0,1,1,1,1,0,1,0,1,1,1,-0,-0,1,-0,0,1,1,1,1,0,1,-0,-0,0,1,1,-0,0,1,1,1,0,1,1,1,1,-0,0,1,1,1,1,1,1,1,1
454,1642,0,0,0,-0,0,-0,-0,-0,1,0,-0,0,-0,-0,0,1,0,1,1,1,1,1,1,1,1,1,1,0,1,1,1,1,1,1,1,-0,1,1,1,1,1,-0,-0,-0,-0,0,0,1,1,1,1,1,1,-0,1,1,1,1,0,1,-0,1,1,1,-0,0,1,1,0,1,1,1,1,-0,1,0,-0,-0,1,1,0,-0,1,1,1,-0,1,1,1,1,-0,-0,1,1,1,1,-0,1,0,1
456,1648,-0,0,0,0,0,0,1,1,1,0,0,-0,-0,0,0,1,0,1,1,1,1,1,1,1,1,1,1,0,1,1,0,1,1,1,1,0,1,1,1,1,1,-0,0,0,-0,-0,-0,1,1,1,1,1,1,-0,1,1,1,1,0,1,0,1,1,1,0,0,-0,0,0,1,1,1,1,0,1,0,0,0,1,1,0,0,1,1,1,0,1,1,1,1,-0,0,1,1,1,1,1,1,-0,1
459,1649,0,0,-0,-0,0,0,0,1,1,-0,0,0,-0,0,0,1,-0,1,1,1,1,1,1,1,1,1,1,0,1,1,-0,1,1,1,1,-0,1,1,1,1,1,-0,-0,-0,0,-0,0,1,1,1,1,1,1,0,1,1,1,1,0,1,0,1,1,1,0,0,1,0,-0,1,1,1,1,0,1,0,-0,-0,1,1,-0,-0,1,1,1,0,1,1,1,1,-0,0,1,1,1,1,1,1,-0,1
461,1658,0,0,0,0,0,0,-0,0,1,0,0,0,-0,0,-0,1,0,1,1,1,1,1,1,1,1,1,1,0,1,1,1,1,1,1,1,0,1,1,1,1,1,-0,0,0,-0,0,-0,1,1,1,1,1,1,0,1,1,1,1,0,1,0,1,1,1,-0,0,1,-0,0,1,1,1,1,-0,1,0,0,-0,1,1,0,0,1,1,1,0,1,1,1,1,-0,0,1,1,1,1,1,1,1,1
462,1666,-0,-0,0,0,0,-0,0,-0,1,-0,-0,-0,0,0,0,1,0,1,1,1,1,1,1,1,1,1,1,0,1,1,1,1,1,1,1,-0,1,1,1,1,1,0,-0,0,0,-0,0,1,1,1,1,1,1,-0,1,1,1,1,0,1,-0,1,1,1,0,-0,1,1,0,1,1,1,1,-0,1,0,-0,0,1,1,0,-0,1,1,1,0,1,1,1,1,-0,-0,1,1,1,1,1,1,-0,1
463,1667,-0,0,0,0,0,0,0,0,1,0,0,-0,-0,0,1,1,0,1,1,1,1,1,1,1,1,1,1,0,1,1,1,1,1,1,1,0,1,1,1,1,1,-0,0,0,0,0,0,1,1,1,1,1,1,0,1,1,1,1,0,1,0,1,1,1,0,0,1,1,-0,1,1,1,1,0,1,0,0,-0,1,1,-0,0,1,1,1,0,1,1,1,1,0,-0,1,1,1,1,0,1,-0,1
467,1671,-0,0,0,0,0,0,1,1,1,0,0,-0,-0,0,0,1,0,1,1,1,1,1,1,1,1,1,1,0,1,1,0,1,1,1,1,0,1,1,1,1,1,-0,0,0,-0,-0,-0,1,1,1,1,1,1,-0,1,1,1,1,0,1,0,1,1,1,0,-0,1,-0,0,1,1,1,1,-0,1,0,0,0,1,1,-0,-0,1,1,1,0,1,1,1,1,-0,0,1,1,1,1,1,1,-0,1
468,1674,0,0,0,0,0,0,-0,1,1,0,-0,0,0,0,1,1,0,1,1,1,1,1,1,1,1,1,1,-0,1,1,0,1,1,1,1,-0,1,1,1,1,1,-0,0,0,0,0,-0,1,1,1,1,1,1,0,1,1,1,1,0,1,-0,1,1,1,0,0,1,-0,0,1,1,1,1,0,1,0,-0,-0,1,1,0,0,1,1,1,0,1,1,1,1,0,0,1,1,1,1,1,1,0,1
469,1684,-0,0,0,0,0,0,-0,0,1,0,0,-0,0,0,0,1,0,1,1,1,1,1,1,1,1,1,1,-0,1,1,1,1,1,1,1,0,1,1,1,1,1,0,0,0,0,-0,-0,1,1,1,1,1,1,-0,1,1,1,1,0,1,0,1,1,1,0,0,1,1,0,1,1,1,1,-0,1,0,-0,0,1,1,-0,0,1,1,1,0,1,1,1,1,-0,0,1,1,1,1,1,1,1,1
471,1691,-0,0,0,-0,0,0,-0,-0,1,0,0,-0,-0,-0,1,1,-0,1,1,1,1,1,1,1,1,1,1,0,1,1,1,1,1,1,1,0,1,1,1,1,1,0,0,0,0,0,-0,1,1,1,1,1,1,0,1,1,1,1,0,1,-0,1,1,1,-0,0,1,1,0,1,1,1,1,-0,1,0,-0,0,1,1,0,0,1,1,1,0,1,1,1,1,-0,0,1,1,1,1,1,1,-0,1
475,1692,0,0,0,0,0,-0,-0,1,1,-0,0,-0,-0,0,1,1,0,1,1,1,1,1,1,1,1,1,1,-0,1,1,0,1,1,1,1,0,1,1,1,1,1,-0,-0,-0,0,0,0,1,1,1,1,1,1,-0,1,1,1,1,0,1,-0,1,1,1,-0,-0,1,0,0,1,1,1,1,-0,1,0,-0,-0,1,1,-0,-0,1,1,1,0,1,1,1,1,0,0,1,1,1,1,1,1,1,1
478,1709,-0,0,0,-0,0,0,-0,-0,1,0,0,-0,-0,-0,1,1,-0,1,1,1,1,1,1,1,1,1,1,0,1,1,1,1,1,1,1,0,1,1,1,1,1,0,0,0,0,0,-0,1,1,1,1,1,1,0,1,1,1,1,0,1,-0,1,1,1,-0,0,1,1,0,1,1,1,1,-0,1,0,-0,0,1,1,0,-0,1,1,1,0,1,1,1,1,0,0,1,1,1,1,1,1,1,1
481,1720,-0,0,0,0,0,0,-0,1,1,0,0,0,-0,0,1,1,0,1,1,1,1,1,1,1,1,1,1,-0,1,1,1,1,1,1,1,0,1,1,1,1,1,0,-0,0,-0,-0,0,1,1,1,1,1,1,0,1,1,1,1,0,1,-0,1,1,1,-0,0,1,1,0,1,1,1,1,-0,1,0,-0,0,1,1,0,0,1,1,1,0,1,1,1,1,-0,0,1,1,1,1,1,1,-0,1
486,1728,-0,0,0,-0,0,-0,-0,1,1,0,0,0,0,0,0,1,-0,1,1,1,1,1,1,1,1,1,1,-0,1,1,1,1,1,1,1,0,1,1,1,1,1,0,-0,0,1,0,-0,1,1,1,1,1,1,1,1,1,1,1,0,1,-0,1,1,1,-0,-0,1,0,0,1,1,1,1,0,1,0,0,-0,1,1,0,-0,1,1,1,0,1,1,1,1,-0,0,1,1,1,1,1,1,0,1
487,1735,-0,0,0,0,0,0,1,1,1,0,0,-0,-0,0,0,1,0,1,1,1,1,1,1,1,1,1,1,0,1,1,1,1,1,1,1,0,1,1,1,1,1,0,0,0,0,0,0,1,1,1,1,1,1,0,1,1,1,1,-0,1,0,1,1,1,0,0,1,1,0,1,1,1,1,0,1,0,-0,0,1,1,0,0,1,1,1,0,1,1,1,1,0,-0,1,1,1,1,1,1,1,1
488,1738,0,0,0,0,0,0,-0,1,1,0,-0,-0,-0,-0,1,1,0,1,1,1,1,1,1,1,1,1,1,0,1,1,1,1,1,1,1,0,1,1,1,1,1,0,0,-0,-0,0,0,1,1,1,1,1,1,0,1,1,1,1,0,1,0,1,1,1,0,0,1,1,0,1,1,1,1,-0,1,0,-0,0,1,1,0,-0,1,1,1,0,1,1,1,1,0,0,1,1,1,1,1,1,1,1
493,1746,0,0,-0,-0,-0,0,-0,1,1,0,0,0,-0,0,0,1,0,1,1,1,1,1,1,1,1,1,1,0,1,1,1,1,1,1,1,-0,1,1,1,1,1,0,-0,0,1,-0,-0,1,1,1,1,1,1,1,1,1,1,1,-0,1,-0,1,1,1,0,0,1,0,-0,1,1,1,1,-0,1,0,0,0,1,1,0,0,1,1,1,0,1,1,1,1,-0,-0,1,1,1,1,1,1,1,1
494,1750,-0,0,-0,-0,0,-0,1,1,1,0,-0,-0,0,0,0,1,-0,1,1,1,1,1,1,1,1,1,1,-0,1,1,1,1,1,1,1,0,1,1,1,1,1,0,-0,0,1,0,-0,1,1,1,1,1,1,1,1,1,1,1,0,1,-0,1,1,1,-0,-0,1,0,0,1,1,1,1,0,1,0,0,-0,1,1,0,-0,1,1,1,0,1,1,1,1,-0,0,1,1,1,1,1,1,0,1
495,1753,0,0,0,-0,0,0,-0,1,1,-0,0,-0,-0,-0,1,1,0,1,1,1,1,1,1,1,1,1,1,-0,1,1,1,1,1,1,1,0,1,1,1,1,1,0,-0,0,1,0,-0,1,1,1,1,1,1,1,1,1,1,1,0,1,-0,1,1,1,-0,-0,1,-0,0,1,1,1,1,0,1,0,0,-0,1,1,-0,0,1,1,1,0,1,1,1,1,0,0,1,1,1,1,1,1,0,1
498,1756,-0,0,0,0,0,0,-0,1,1,0,0,0,-0,0,1,1,0,1,1,1,1,1,1,1,1,1,1,-0,1,1,1,1,1,1,1,0,1,1,1,1,1,0,-0,0,-0,-0,0,1,1,1,1,1,1,-0,1,1,1,1,0,1,1,1,1,1,-0,0,1,1,0,1,1,1,1,0,1,0,-0,0,1,1,0,0,1,1,1,0,1,1,1,1,0,0,1,1,1,1,1,1,1,1
501,1766,0,0,0,0,0,0,-0,1,1,0,-0,0,0,0,1,1,0,1,1,1,1,1,1,1,1,1,1,-0,1,1,0,1,1,1,1,-0,1,1,1,1,1,-0,0,0,0,0,-0,1,1,1,1,1,1,1,1,1,1,1,0,1,1,1,1,1,-0,0,1,1,0,1,1,1,1,0,1,0,0,-0,1,1,-0,0,1,1,1,0,1,1,1,1,0,0,1,1,1,1,1,1,1,1
502,1771,-0,0,0,0,0,0,-0,1,1,0,0,0,-0,0,1,1,0,1,1,1,1,1,1,1,1,1,1,0,1,1,1,1,1,1,1,-0,1,1,1,1,1,0,-0,-0,1,-0,0,1,1,1,1,1,1,1,1,1,1,1,0,1,-0,1,1,1,-0,-0,1,0,-0,1,1,1,1,-0,1,0,-0,-0,1,1,-0,0,1,1,1,0,1,1,1,1,0,-0,1,1,1,1,1,1,1,1
506,1775,0,-0,-0,0,0,0,0,-0,1,-0,0,1,1,0,1,1,0,1,1,1,1,1,1,1,1,1,1,0,1,1,1,1,1,1,1,-0,1,1,1,1,1,-0,-0,-0,0,0,0,1,1,1,1,1,1,0,1,1,1,1,-0,1,0,1,1,1,-0,0,1,1,0,1,1,1,1,0,1,0,-0,-0,1,1,0,0,1,1,1,0,1,1,1,1,0,-0,1,1,1,1,1,1,1,1
508,1782,-0,0,-0,0,0,0,1,1,1,0,1,1,0,0,1,1,-0,1,1,1,1,1,1,1,1,1,1,0,1,1,1,1,1,1,1,0,1,1,1,1,1,0,0,0,0,-0,-0,1,1,1,1,1,1,0,1,1,1,1,0,1,0,1,1,1,-0,-0,1,1,0,1,1,1,1,-0,1,0,0,0,1,1,0,0,1,1,1,0,1,1,1,1,-0,-0,1,1,1,1,0,1,0,1
509,1784,0,0,0,0,0,-0,1,1,1,0,-0,1,1,0,1,1,-0,1,1,1,1,1,1,1,1,1,1,0,1,1,1,1,1,1,1,0,1,1,1,1,1,0,0,0,0,-0,-0,1,1,1,1,1,1,0,1,1,1,1,0,1,0,1,1,1,-0,-0,1,1,0,1,1,1,1,-0,1,0,0,0,1,1,0,0,1,1,1,0,1,1,1,1,-0,-0,1,1,1,1,0,1,0,1
513,1801,-0,-0,0,-0,0,0,1,1,1,-0,0,1,0,0,0,1,0,1,1,1,1,1,1,1,1,1,1,0,1,1,1,1,1,1,1,0,1,1,1,1,1,0,0,0,1,0,0,1,1,1,1,1,1,1,1,1,1,1,0,1,0,1,1,1,-0,-0,1,0,0,1,1,1,1,-0,1,0,-0,-0,1,1,0,0,1,1,1,0,1,1,1,1,-0,0,1,1,1,1,1,1,1,1
517,1808,0,0,0,0,0,-0,1,1,1,0,-0,1,1,0,1,1,-0,1,1,1,1,1,1,1,1,1,1,0,1,1,1,1,1,1,1,-0,1,1,1,1,1,0,0,0,0,0,-0,1,1,1,1,1,1,0,1,1,1,1,0,1,-0,1,1,1,-0,0,1,1,0,1,1,1,1,-0,1,0,-0,0,1,1,0,0,1,1,1,0,1,1,1,1,-0,0,1,1,1,1,1,1,-0,1
518,1811,0,0,0,0,0,0,1,1,0,-0,0,1,0,0,1,1,-0,1,1,1,1,1,1,1,1,1,1,0,1,1,1,1,1,1,1,0,1,1,1,1,1,0,-0,0,1,-0,-0,1,1,1,1,1,1,1,1,1,1,1,-0,1,0,1,1,1,-0,-0,0,-0,0,1,1,1,1,0,1,0,1,0,1,1,1,0,1,1,1,0,1,1,1,1,-0,0,1,1,1,1,1,1,0,1
520,1813,0,0,0,-0,0,-0,1,1,1,0,-0,1,-0,-0,-0,1,-0,1,1,1,1,1,1,1,1,1,1,0,1,1,1,1,1,1,1,0,1,1,1,1,1,1,-0,0,1,0,-0,1,1,1,1,1,1,1,1,1,1,1,-0,1,0,1,1,1,-0,0,1,-0,0,1,1,1,1,-0,1,0,-0,0,1,1,0,-0,1,1,1,0,1,1,1,1,-0,0,1,1,1,1,1,1,0,1
523,1824,-0,0,0,-0,0,0,1,1,1,0,1,1,0,-0,1,1,-0,1,1,1,1,1,1,1,1,1,1,-0,1,1,1,1,1,1,1,-0,1,1,1,1,1,-0,-0,-0,0,0,-0,1,1,1,1,1,1,0,1,1,1,1,0,1,0,1,1,1,-0,-0,1,1,-0,1,1,1,1,-0,1,0,0,0,1,1,-0,-0,1,1,1,0,1,1,1,1,-0,-0,1,1,1,1,1,1,1,1
524,1826,0,0,0,0,0,-0,1,1,1,-0,0,1,1,0,1,1,0,1,1,1,1,1,1,1,1,1,1,0,1,1,1,1,1,1,1,-0,1,1,1,1,1,-0,-0,-0,0,0,0,1,1,1,1,1,1,0,1,1,1,1,-0,1,0,1,1,1,-0,0,1,1,0,1,1,1,1,0,1,0,-0,-0,1,1,0,0,1,1,1,0,1,1,1,1,0,-0,1,1,1,1,1,1,1,1
525,1829,-0,-0,0,-0,-0,0,1,1,1,-0,1,1,0,0,-0,1,0,1,1,1,1,1,1,1,1,1,1,0,1,1,1,1,1,1,1,-0,1,1,1,1,1,0,0,0,0,-0,0,1,1,1,1,1,1,1,1,1,1,1,0,1,1,1,1,1,0,0,1,1,-0,1,1,1,1,0,1,0,0,0,1,1,0,0,1,1,1,0,1,1,1,1,-0,0,1,1,1,1,1,1,0,1
527,1836,0,0,0,0,0,0,1,1,1,-0,0,1,1,-0,1,1,0,1,1,1,1,1,1,1,1,1,1,0,1,1,1,1,1,1,1,-0,1,1,1,1,1,0,-0,0,1,-0,0,1,1,1,1,1,1,1,1,1,1,1,-0,1,0,1,1,1,0,0,-0,-0,0,1,1,1,1,-0,1,0,0,-0,1,1,0,-0,1,1,1,0,1,1,1,1,0,-0,1,1,1,1,1,1,1,1
528,1839,-0,0,0,-0,0,0,1,1,1,0,-0,1,0,-0,-0,1,-0,1,1,1,1,1,1,1,1,1,1,0,1,1,1,1,1,1,1,0,1,1,1,1,1,1,0,0,1,-0,0,1,1,1,1,1,1,1,1,1,1,1,0,1,0,1,1,1,-0,-0,1,1,0,1,1,1,1,-0,1,0,0,-0,1,1,-0,0,1,1,1,0,1,1,1,1,0,0,1,1,1,1,1,1,-0,1
531,1841,-0,0,0,0,0,0,0,1,1,0,-0,-0,-0,0,1,1,0,1,1,1,1,1,1,1,1,1,1,0,1,1,1,1,1,1,1,0,1,1,1,1,1,-0,0,0,0,1,1,1,1,1,1,1,1,1,1,1,1,1,0,1,1,1,1,1,-0,-0,1,1,-0,1,1,1,1,0,1,0,-0,0,1,1,0,-0,1,1,1,0,1,1,1,1,0,-0,1,1,1,1,1,1,1,1
532,1847,-0,-0,0,-0,-0,0,1,1,1,-0,1,1,0,0,-0,1,0,1,1,1,1,1,1,1,1,1,1,0,1,1,1,1,1,1,1,-0,1,1,1,1,1,0,0,0,0,-0,0,1,1,1,1,1,1,1,1,1,1,1,0,1,1,1,1,1,0,0,1,1,0,1,1,1,1,0,1,0,0,0,1,1,0,0,1,1,1,0,1,1,1,1,-0,-0,1,1,1,1,1,1,1,1
534,1854,0,0,0,0,0,0,1,1,1,0,1,1,0,0,1,1,-0,1,1,1,1,1,1,1,1,1,1,0,1,1,1,1,1,1,1,0,1,1,1,1,1,0,0,0,0,0,0,1,1,1,1,1,1,1,1,1,1,1,0,1,1,1,1,1,0,-0,1,1,-0,1,1,1,1,0,1,0,-0,0,1,1,-0,0,1,1,1,0,1,1,1,1,-0,0,1,1,1,1,1,1,0,1
537,1857,-0,0,-0,0,0,0,1,1,1,0,1,1,0,-0,1,1,0,1,1,1,1,1,1,1,1,1,1,-0,1,1,1,1,1,1,1,0,1,1,1,1,1,-0,0,0,1,0,-0,1,1,1,1,1,1,1,1,1,1,1,0,1,0,1,1,1,0,0,1,0,-0,1,1,1,1,-0,1,0,-0,-0,1,1,0,0,1,1,1,0,1,1,1,1,-0,0,1,1,1,1,1,1,1,1
538,1859,0,0,0,0,0,0,1,1,1,0,-0,1,1,0,1,1,-0,1,1,1,1,1,1,1,1,1,1,-0,1,1,1,1,1,1,1,0,1,1,1,1,1,0,0,0,1,0,-0,1,1,1,1,1,1,1,1,1,1,1,0,1,-0,1,1,1,-0,0,1,-0,0,1,1,1,1,0,1,0,-0,0,1,1,-0,0,1,1,1,0,1,1,1,1,0,-0,1,1,1,1,1,1,1,1
541,1872,0,0,0,0,0,0,1,1,1,0,1,1,0,0,1,1,-0,1,1,1,1,1,1,1,1,1,1,0,1,1,1,1,1,1,1,0,1,1,1,1,1,0,0,0,0,0,0,1,1,1,1,1,1,1,1,1,1,1,0,1,1,1,1,1,0,-0,1,1,-0,1,1,1,1,0,1,0,-0,0,1,1,-0,0,1,1,1,0,1,1,1,1,-0,0,1,1,1,1,1,1,1,1
546,1873,0,0,0,0,0,0,1,1,1,0,-0,1,1,0,1,1,0,1,1,1,1,1,1,1,1,1,1,0,1,1,1,1,1,1,1,0,1,1,1,1,1,0,-0,-0,1,-0,-0,1,1,1,1,1,1,1,1,1,1,1,0,1,-0,1,1,1,0,0,1,0,0,1,1,1,1,-0,1,0,0,-0,1,1,0,-0,1,1,1,0,1,1,1,1,1,-0,1,1,1,1,1,1,0,1
548,1877,-0,0,0,0,0,0,1,1,1,0,-0,1,1,0,1,1,-0,1,1,1,1,1,1,1,1,1,1,0,1,1,1,1,1,1,1,0,1,1,1,1,1,0,0,-0,1,-0,0,1,1,1,1,1,1,1,1,1,1,1,0,1,1,1,1,1,0,-0,1,-0,0,1,1,1,1,-0,1,0,-0,-0,1,1,0,-0,1,1,1,-0,1,1,1,1,0,-0,1,1,1,1,1,1,1,1
549,1885,0,0,0,0,0,0,1,1,1,0,0,1,1,0,1,1,0,1,1,1,1,1,1,1,1,1,1,0,1,1,1,1,1,1,1,0,1,1,1,1,1,0,-0,0,1,0,0,1,1,1,1,1,1,1,1,1,1,1,0,1,1,1,1,1,0,0,1,1,0,1,1,1,1,0,1,0,0,0,1,1,-0,0,1,1,1,0,1,1,1,1,-0,0,1,1,1,1,1,1,0,1
552,1891,-0,0,0,-0,0,0,1,1,1,0,-0,1,-0,-0,-0,1,-0,1,1,1,1,1,1,1,1,1,1,0,1,1,1,1,1,1,1,-0,1,1,1,1,1,1,0,0,1,0,-0,1,1,1,1,1,1,1,1,1,1,1,0,1,-0,1,1,1,-0,-0,1,-0,-0,1,1,1,1,1,1,0,1,0,1,1,0,0,1,1,1,0,1,1,1,1,-0,-0,1,1,1,1,1,1,1,1
556,1903,0,0,0,0,0,0,1,1,1,0,-0,1,1,0,1,1,0,1,1,1,1,1,1,1,1,1,1,0,1,1,1,1,1,1,1,0,1,1,1,1,1,0,-0,0,1,0,0,1,1,1,1,1,1,1,1,1,1,1,0,1,1,1,1,1,0,0,1,1,0,1,1,1,1,0,1,0,0,0,1,1,-0,0,1,1,1,0,1,1,1,1,-0,0,1,1,1,1,1,1,1,1
558,1906,-0,0,0,-0,0,0,1,1,1,0,1,1,0,-0,1,1,-0,1,1,1,1,1,1,1,1,1,1,-0,1,1,1,1,1,1,1,-0,1,1,1,1,1,-0,-0,-0,0,0,-0,1,1,1,1,1,1,0,1,1,1,1,0,1,0,1,1,1,-0,-0,1,1,-0,1,1,1,1,1,1,0,1,0,1,1,1,0,1,1,1,0,1,1,1,1,-0,0,1,1,1,1,1,1,1,1
560,1911,-0,0,0,0,0,-0,1,1,1,-0,-0,1,1,0,1,1,-0,1,1,1,1,1,1,1,1,1,1,0,1,1,1,1,1,1,1,-0,1,1,1,1,1,0,0,0,-0,1,1,1,1,1,1,1,1,1,1,1,1,1,0,1,1,1,1,1,-0,-0,1,1,-0,1,1,1,1,0,1,0,-0,0,1,1,0,0,1,1,1,0,1,1,1,1,-0,0,1,1,1,1,1,1,-0,1
562,1913,-0,0,0,-0,0,0,1,1,1,0,-0,1,-0,-0,-0,1,-0,1,1,1,1,1,1,1,1,1,1,0,1,1,1,1,1,1,1,-0,1,1,1,1,1,1,0,0,1,0,-0,1,1,1,1,1,1,1,1,1,1,1,0,1,-0,1,1,1,-0,-0,1,-0,-0,1,1,1,1,1,1,0,1,-0,1,1,1,0,1,1,1,0,1,1,1,1,0,0,1,1,1,1,1,1,1,1
564,1916,0,-0,-0,-0,-0,0,1,1,1,0,1,1,1,0,1,1,-0,1,1,1,1,1,1,1,1,1,1,-0,1,1,1,1,1,1,1,-0,1,1,1,1,1,-0,-0,-0,1,0,-0,1,1,1,1,1,1,1,1,1,1,1,-0,1,1,1,1,1,-0,0,1,1,0,1,1,1,1,0,1,0,0,0,1,1,-0,-0,1,1,1,0,1,1,1,1,0,-0,1,1,1,1,1,1,0,1
567,1929,0,0,0,0,0,0,1,1,1,0,-0,1,1,0,1,1,0,1,1,1,1,1,1,1,1,1,1,0,1,1,1,1,1,1,1,0,1,1,1,1,1,0,0,0,-0,1,1,1,1,1,1,1,1,1,1,1,1,1,0,1,1,1,1,1,-0,-0,1,1,-0,1,1,1,1,0,1,0,0,0,1,1,0,0,1,1,1,0,1,1,1,1,0,0,1,1,1,1,1,1,1,1
570,1938,-0,0,-0,0,0,0,1,1,1,0,1,1,0,0,1,1,-0,1,1,1,1,1,1,1,1,1,1,0,1,1,1,1,1,1,1,0,1,1,1,1,1,0,0,-0,1,1,1,1,1,1,1,1,1,1,1,1,1,1,0,1,-0,1,1,1,0,-0,1,1,-0,1,1,1,1,0,1,0,0,0,1,1,-0,0,1,1,1,0,1,1,1,1,0,-0,1,1,1,1,1,1,1,1
571,1940,-0,0,0,-0,0,0,1,1,1,-0,0,1,1,0,1,1,0,1,1,1,1,1,1,1,1,1,1,0,1,1,1,1,1,1,1,0,1,1,1,1,1,0,0,-0,1,1,1,1,1,1,1,1,1,1,1,1,1,1,0,1,-0,1,1,1,0,-0,1,1,-0,1,1,1,1,0,1,0,0,0,1,1,-0,0,1,1,1,0,1,1,1,1,0,-0,1,1,1,1,1,1,1,1
575,1942,-0,0,0,-0,0,0,1,1,1,0,1,1,1,0,1,1,0,1,1,1,1,1,1,1,1,1,1,0,1,1,1,1,1,1,1,0,1,1,1,1,1,-0,0,-0,0,1,1,1,1,1,1,1,1,1,1,1,1,1,-0,1,1,1,1,1,0,0,1,1,-0,1,1,1,1,-0,1,0,0,0,1,1,-0,0,1,1,1,0,1,1,1,1,-0,0,1,1,1,1,1,1,-0,1
577,1949,0,0,0,-0,0,0,1,1,1,-0,1,1,-0,-0,1,1,0,1,1,1,1,1,1,1,1,1,1,0,1,1,1,1,1,1,1,0,1,1,1,1,1,-0,-0,0,1,0,0,1,1,1,1,1,1,1,1,1,1,1,-0,1,0,1,1,1,0,-0,1,-0,0,1,1,1,1,0,1,0,1,1,1,1,1,0,1,1,1,-0,1,1,1,1,0,0,1,1,1,1,1,1,1,1
578,1951,0,0,0,0,0,0,1,1,1,-0,0,1,1,0,1,1,-0,1,1,1,1,1,1,1,1,1,1,0,1,1,1,1,1,1,1,0,1,1,1,1,1,0,-0,0,1,-0,-0,1,1,1,1,1,1,1,1,1,1,1,-0,1,0,1,1,1,-0,-0,1,-0,0,1,1,1,1,0,1,0,1,1,1,1,1,0,1,1,1,0,1,1,1,1,-0,0,1,1,1,1,1,1,1,1
581,1958,-0,0,0,-0,-0,0,1,1,1,0,0,1,1,0,1,1,-0,1,1,1,1,1,1,1,1,1,1,-0,1,1,1,1,1,1,1,-0,1,1,1,1,1,-0,-0,0,1,1,1,1,1,1,1,1,1,1,1,1,1,1,0,1,1,1,1,1,-0,0,1,1,0,1,1,1,1,-0,1,0,-0,0,1,1,0,-0,1,1,1,0,1,1,1,1,0,-0,1,1,1,1,1,1,1,1
582,1960,0,-0,-0,0,0,-0,1,1,1,0,0,1,1,0,1,1,0,1,1,1,1,1,1,1,1,1,1,0,1,1,1,1,1,1,1,-0,1,1,1,1,1,1,0,-0,1,-0,0,1,1,1,1,1,1,1,1,1,1,1,0,1,1,1,1,1,0,0,1,-0,-0,1,1,1,1,-0,1,0,1,-0,1,1,1,0,1,1,1,0,1,1,1,1,-0,0,1,1,1,1,1,1,1,1
582,1960,0,0,0,-0,0,0,1,1,1,0,1,1,1,0,1,1,0,1,1,1,1,1,1,1,1,1,1,-0,1,1,1,1,1,1,1,0,1,1,1,1,1,0,0,0,0,1,1,1,1,1,1,1,1,1,1,1,1,1,0,1,1,1,1,1,-0,0,1,1,0,1,1,1,1,0,1,0,0,0,1,1,0,-0,1,1,1,0,1,1,1,1,-0,-0,1,1,1,1,1,1,1,1
586,1971,0,0,0,0,0,0,1,1,1,0,1,1,1,0,1,1,0,1,1,1,1,1,1,1,1,1,1,0,1,1,1,1,1,1,1,0,1,1,1,1,1,-0,0,0,1,1,1,1,1,1,1,1,1,1,1,1,1,1,0,1,-0,1,1,1,-0,-0,1,1,0,1,1,1,1,-0,1,0,-0,-0,1,1,0,0,1,1,1,0,1,1,1,1,0,0,1,1,1,1,1,1,1,1
590,1971,-0,0,0,0,0,0,1,1,1,0,1,1,1,0,1,1,0,1,1,1,1,1,1,1,1,1,1,0,1,1,1,1,1,1,1,0,1,1,1,1,1,-0,0,-0,-0,1,1,1,1,1,1,1,1,1,1,1,1,1,0,1,1,1,1,1,0,-0,1,1,0,1,1,1,1,1,1,-0,0,0,1,1,0,-0,1,1,1,0,1,1,1,1,-0,0,1,1,1,1,1,1,-0,1
592,1983,-0,0,0,0,0,-0,1,1,1,-0,-0,1,1,0,1,1,-0,1,1,1,1,1,1,1,1,1,1,0,1,1,1,1,1,1,1,-0,1,1,1,1,1,0,0,0,-0,1,1,1,1,1,1,1,1,1,1,1,1,1,0,1,1,1,1,1,-0,-0,1,1,-0,1,1,1,1,0,1,0,-0,0,1,1,1,-0,1,1,1,0,1,1,1,1,1,0,1,1,1,1,1,1,1,1
596,1989,0,0,0,0,0,0,1,1,1,0,1,1,1,0,1,1,0,1,1,1,1,1,1,1,1,1,1,0,1,1,1,1,1,1,1,-0,1,1,1,1,1,-0,-0,0,1,1,1,1,1,1,1,1,1,1,1,1,1,1,-0,1,1,1,1,1,-0,0,1,1,0,1,1,1,1,-0,1,0,-0,0,1,1,0,-0,1,1,1,0,1,1,1,1,0,-0,1,1,1,1,1,1,1,1
600,1993,0,0,0,-0,0,-0,1,1,1,0,0,1,1,0,1,1,-0,1,1,1,1,1,1,1,1,1,1,-0,1,1,1,1,1,1,1,0,1,1,1,1,1,0,0,-0,-0,1,1,1,1,1,1,1,1,1,1,1,1,1,-0,1,1,1,1,1,0,0,1,1,0,1,1,1,1,0,1,0,-0,0,1,1,0,-0,1,1,1,-0,1,1,1,1,1,1,1,1,1,1,1,1,1,1
601,1994,-0,0,0,0,0,0,0,1,1,0,0,-0,-0,0,1,1,0,1,1,1,1,1,1,1,1,1,1,0,1,1,1,1,1,1,1,0,1,1,1,1,1,0,-0,0,-0,1,1,1,1,1,1,1,1,1,1,1,1,1,0,1,1,1,1,1,-0,0,1,1,-0,1,1,1,1,1,1,0,1,1,1,1,1,-0,1,1,1,0,1,1,1,1,1,-0,1,1,1,1,1,1,1,1
602,2002,0,0,0,-0,-0,-0,1,1,1,-0,1,1,1,0,1,1,0,1,1,1,1,1,1,1,1,1,1,0,1,1,1,1,1,1,1,0,1,1,1,1,1,1,0,-0,1,0,-0,1,1,1,1,1,1,1,1,1,1,1,-0,1,-0,1,1,1,-0,-0,1,0,0,1,1,1,1,1,1,0,1,-0,1,1,1,0,1,1,1,0,1,1,1,1,0,-0,1,1,1,1,1,1,1,1
604,2003,0,0,0,-0,0,0,1,1,1,0,1,1,1,0,1,1,-0,1,1,1,1,1,1,1,1,1,1,-0,1,1,1,1,1,1,1,0,1,1,1,1,1,-0,0,0,1,1,1,1,1,1,1,1,1,1,1,1,1,1,0,1,-0,1,1,1,-0,0,1,1,-0,1,1,1,1,0,1,0,-0,0,1,1,-0,-0,1,1,1,0,1,1,1,1,0,1,1,1,1,1,1,1,1,1
607,2006,0,0,0,0,0,-0,1,1,1,0,1,1,-0,0,1,1,-0,1,1,1,1,1,1,1,1,1,1,0,1,1,1,1,1,1,1,0,1,1,1,1,1,-0,0,0,1,0,-0,1,1,1,1,1,1,0,1,1,1,1,0,1,-0,1,1,1,0,-0,1,1,-0,1,1,1,1,1,1,0,1,1,1,1,1,-0,1,1,1,0,1,1,1,1,1,-0,1,1,1,1,1,1,1,1
608,2008,0,0,0,0,0,-0,1,1,1,0,-0,1,1,0,1,1,-0,1,1,1,1,1,1,1,1,1,1,0,1,1,1,1,1,1,1,-0,1,1,1,1,1,0,0,0,1,0,-0,1,1,1,1,1,1,0,1,1,1,1,0,1,0,1,1,1,-0,0,1,1,0,1,1,1,1,1,1,0,1,1,1,1,1,0,1,1,1,0,1,1,1,1,1,0,1,1,1,1,1,1,1,1
610,2024,-0,0,0,0,0,0,1,1,1,0,1,1,1,0,1,1,0,1,1,1,1,1,1,1,1,1,1,0,1,1,1,1,1,1,1,0,1,1,1,1,1,-0,0,-0,-0,1,1,1,1,1,1,1,1,1,1,1,1,1,0,1,1,1,1,1,0,-0,1,1,0,1,1,1,1,1,1,0,1,0,1,1,1,0,1,1,1,0,1,1,1,1,-0,0,1,1,1,1,1,1,-0,1
615,2028,-0,0,0,-0,0,0,1,1,1,0,-0,1,0,-0,-0,1,-0,1,1,1,1,1,1,1,1,1,1,0,1,1,1,1,1,1,1,0,1,1,1,1,1,1,0,0,1,-0,0,1,1,1,1,1,1,1,1,1,1,1,0,1,1,1,1,1,0,0,1,1,0,1,1,1,1,1,1,0,1,1,1,1,1,-0,1,1,1,0,1,1,1,1,1,0,1,1,1,1,1,1,1,1
617,2042,-0,0,0,0,0,0,1,1,1,0,1,1,1,0,1,1,0,1,1,1,1,1,1,1,1,1,1,0,1,1,1,1,1,1,1,0,1,1,1,1,1,-0,0,-0,-0,1,1,1,1,1,1,1,1,1,1,1,1,1,0,1,1,1,1,1,0,-0,1,1,0,1,1,1,1,1,1,0,1,0,1,1,1,0,1,1,1,0,1,1,1,1,-0,0,1,1,1,1,1,1,1,1
626,2056,-0,0,0,-0,0,-0,1,1,1,-0,-0,1,1,-0,1,1,-0,1,1,1,1,1,1,1,1,1,1,-0,1,1,1,1,1,1,1,0,1,1,1,1,1,0,0,-0,1,-0,-0,1,1,1,1,1,1,1,1,1,1,1,0,1,1,1,1,1,0,0,1,1,0,1,1,1,1,1,1,0,1,1,1,1,1,-0,1,1,1,0,1,1,1,1,1,0,1,1,1,1,1,1,1,1
629,2057,0,0,0,0,0,0,1,1,1,0,1,1,1,0,1,1,0,1,1,1,1,1,1,1,1,1,1,0,1,1,1,1,1,1,1,0,1,1,1,1,1,-0,0,0,1,1,1,1,1,1,1,1,1,1,1,1,1,1,0,1,-0,1,1,1,-0,-0,1,1,-0,1,1,1,1,-0,1,0,-0,0,1,1,1,-0,1,1,1,0,1,1,1,1,1,1,1,1,1,1,1,1,1,1
634,2074,-0,0,0,-0,-0,0,1,1,1,0,1,1,1,0,1,1,-0,1,1,1,1,1,1,1,1,1,1,0,1,1,1,1,1,1,1,-0,1,1,1,1,1,-0,0,0,1,1,1,1,1,1,1,1,1,1,1,1,1,1,-0,1,-0,1,1,1,0,0,1,1,-0,1,1,1,1,1,1,0,1,1,1,1,1,-0,1,1,1,0,1,1,1,1,-0,-0,1,1,1,1,1,1,-0,1
643,2076,-0,0,0,-0,-0,0,1,1,1,0,1,1,1,0,1,1,-0,1,1,1,1,1,1,1,1,1,1,0,1,1,1,1,1,1,1,-0,1,1,1,1,1,0,0,0,0,1,1,1,1,1,1,1,1,1,1,1,1,1,-0,1,1,-0,1,1,1,1,1,1,0,1,1,1,1,1,1,0,1,1,1,1,1,0,0,1,1,-0,1,1,1,1,-0,0,1,1,1,1,1,1,1,1
647,2083,0,0,0,0,0,0,0,1,1,0,1,1,1,0,1,1,0,1,1,1,1,1,1,1,1,1,1,0,1,1,1,1,1,1,1,0,1,1,1,1,1,1,-0,0,1,-0,-0,1,1,1,1,1,1,1,1,1,1,1,-0,1,-0,1,1,1,0,0,1,0,0,1,1,1,1,1,1,0,1,1,1,1,1,0,1,1,1,0,1,1,1,1,1,1,1,1,1,1,1,1,1,1
648,2102,0,-0,0,0,0,-0,-0,1,1,0,1,1,1,0,1,1,-0,1,1,1,1,1,1,1,1,1,1,0,1,1,1,1,1,1,1,0,1,1,1,1,1,0,-0,0,1,1,1,1,1,1,1,1,1,1,1,1,1,1,0,1,-0,1,1,1,0,-0,1,1,0,1,1,1,1,1,1,0,1,1,1,1,1,0,1,1,1,0,1,1,1,1,1,0,1,1,1,1,1,1,1,1
650,2109,-0,0,0,-0,0,0,1,1,1,0,1,1,0,-0,1,1,-0,1,1,1,1,1,1,1,1,1,1,0,1,1,1,1,1,1,1,0,1,1,1,1,1,-0,0,0,1,1,1,1,1,1,1,1,1,1,1,1,1,1,0,1,1,1,1,1,0,0,1,1,0,1,1,1,1,1,1,0,1,1,1,1,1,-0,1,1,1,0,1,1,1,1,1,0,1,1,1,1,1,1,1,1
652,2113,0,0,0,0,0,0,1,1,1,0,1,1,1,0,1,1,0,1,1,1,1,1,1,1,1,1,1,-0,1,1,1,1,1,1,1,0,1,1,1,1,1,0,0,0,0,1,1,1,1,1,1,1,1,1,1,1,1,1,0,1,1,1,1,1,0,0,1,1,0,1,1,1,1,1,1,0,1,1,1,1,1,0,1,1,1,0,1,1,1,1,1,0,1,1,1,1,1,1,1,1
656,2124,0,0,0,-0,0,-0,1,1,1,0,1,1,1,-0,1,1,0,1,1,1,1,1,1,1,1,1,1,0,1,1,1,1,1,1,1,-0,1,1,1,1,1,-0,-0,0,1,1,1,1,1,1,1,1,1,1,1,1,1,1,-0,1,-0,1,1,1,-0,0,1,1,0,1,1,1,1,1,1,0,1,1,1,1,1,0,1,1,1,0,1,1,1,1,1,0,1,1,1,1,1,1,1,1
666,2142,-0,0,0,-0,-0,-0,1,1,1,0,1,1,1,0,1,1,-0,1,1,1,1,1,1,1,1,1,1,0,1,1,1,1,1,1,1,0,1,1,1,1,1,-0,0,0,1,1,1,1,1,1,1,1,1,1,1,1,1,1,0,1,1,1,1,1,0,0,1,1,0,1,1,1,1,1,1,0,1,1,1,1,1,-0,1,1,1,0,1,1,1,1,1,0,1,1,1,1,1,1,1,1
670,2145,-0,0,0,0,0,0,1,1,1,0,1,1,1,-0,1,1,0,1,1,1,1,1,1,1,1,1,1,-0,1,1,1,1,1,1,1,0,1,1,1,1,1,-0,0,0,0,1,1,1,1,1,1,1,1,1,1,1,1,1,-0,1,1,1,1,1,0,0,1,1,0,1,1,1,1,1,1,0,1,1,1,1,1,0,1,1,1,0,1,1,1,1,1,1,1,1,1,1,1,1,1,1
672,2153,1,-0,0,-0,-0,0,1,1,1,0,1,1,1,-0,1,1,-0,1,1,1,1,1,1,1,1,1,1,0,1,1,1,1,1,1,1,-0,1,1,1,1,1,0,0,-0,1,1,1,1,1,1,1,1,1,1,1,1,1,1,0,1,0,1,1,1,-0,0,1,1,0,1,1,1,1,1,1,0,1,1,1,1,1,0,1,1,1,0,1,1,1,1,1,0,1,1,1,1,1,1,1,1
677,2156,-0,0,0,-0,-0,-0,1,1,1,0,1,1,1,0,1,1,-0,1,1,1,1,1,1,1,1,1,1,0,1,1,1,1,1,1,1,0,1,1,1,1,1,-0,0,0,1,1,1,1,1,1,1,1,1,1,1,1,1,1,0,1,1,1,1,1,0,0,1,1,0,1,1,1,1,1,1,0,1,1,1,1,1,-0,1,1,1,0,1,1,1,1,1,1,1,1,1,1,1,1,0,1
682,2171,1,-0,0,0,0,0,1,1,1,0,1,1,1,-0,1,1,-0,1,1,1,1,1,1,1,1,1,1,0,1,1,1,1,1,1,1,0,1,1,1,1,1,-0,0,0,1,1,1,1,1,1,1,1,1,1,1,1,1,1,0,1,1,1,1,1,0,0,1,1,0,1,1,1,1,1,1,0,1,1,1,1,1,-0,1,1,1,0,1,1,1,1,1,0,1,1,1,1,1,1,1,1
684,2174,-0,0,0,-0,-0,-0,1,1,1,0,1,1,1,0,1,1,-0,1,1,1,1,1,1,1,1,1,1,0,1,1,1,1,1,1,1,0,1,1,1,1,1,-0,0,0,1,1,1,1,1,1,1,1,1,1,1,1,1,1,0,1,1,1,1,1,0,0,1,1,0,1,1,1,1,1,1,0,1,1,1,1,1,-0,1,1,1,0,1,1,1,1,1,1,1,1,1,1,1,1,1,1
690,2185,1,-0,0,-0,-0,0,1,1,1,0,1,1,1,-0,1,1,-0,1,1,1,1,1,1,1,1,1,1,0,1,1,1,1,1,1,1,-0,1,1,1,1,1,0,0,-0,1,1,1,1,1,1,1,1,1,1,1,1,1,1,0,1,0,1,1,1,-0,0,1,1,0,1,1,1,1,1,1,0,1,1,1,1,1,0,1,1,1,0,1,1,1,1,1,1,1,1,1,1,1,1,1,1
698,2189,0,0,0,-0,0,-0,1,1,1,0,1,1,1,-0,1,1,0,1,1,1,1,1,1,1,1,1,1,0,1,1,1,1,1,1,1,-0,1,1,1,1,1,-0,-0,0,1,1,1,1,1,1,1,1,1,1,1,1,1,1,-0,1,1,1,1,1,1,1,1,1,0,1,1,1,1,1,1,0,1,1,1,1,1,0,1,1,1,0,1,1,1,1,1,-0,1,1,1,1,1,1,1,1
700,2203,1,-0,0,0,-0,0,1,1,1,0,1,1,1,0,1,1,-0,1,1,1,1,1,1,1,1,1,1,0,1,1,1,1,1,1,1,0,1,1,1,1,1,-0,0,0,1,1,1,1,1,1,1,1,1,1,1,1,1,1,0,1,1,1,1,1,0,0,1,1,-0,1,1,1,1,1,1,0,1,1,1,1,1,0,1,1,1,0,1,1,1,1,1,1,1,1,1,1,1,1,1,1
706,2208,1,0,0,0,0,0,1,1,1,0,1,1,1,0,1,1,-0,1,1,1,1,1,1,1,1,1,1,-0,1,1,1,1,1,1,1,-0,1,1,1,1,1,0,-0,0,-0,1,1,1,1,1,1,1,1,1,1,1,1,1,-0,1,1,1,1,1,-0,0,1,1,1,1,1,1,1,1,1,0,1,1,1,1,1,-0,1,1,1,0,1,1,1,1,1,1,1,1,1,1,1,1,1,1
712,2211,1,-0,0,-0,0,0,1,1,1,0,1,1,1,0,1,1,0,1,1,1,1,1,1,1,1,1,1,-0,1,1,1,1,1,1,1,0,1,1,1,1,1,-0,0,-0,1,1,1,1,1,1,1,1,1,1,1,1,1,1,0,1,1,1,1,1,1,1,1,1,0,1,1,1,1,1,1,0,1,-0,1,1,1,-0,1,1,1,0,1,1,1,1,1,1,1,1,1,1,1,1,1,1
714,2218,1,0,-0,0,-0,0,1,1,1,0,1,1,1,0,1,1,0,1,1,1,1,1,1,1,1,1,1,0,1,1,1,1,1,1,1,-0,1,1,1,1,1,-0,-0,0,1,1,1,1,1,1,1,1,1,1,1,1,1,1,-0,1,1,1,1,1,1,1,1,1,0,1,1,1,1,1,1,0,1,1,1,1,1,0,1,1,1,0,1,1,1,1,1,-0,1,1,1,1,1,1,1,1
716,2221,-0,0,0,-0,-0,-0,1,1,1,0,1,1,1,0,1,1,-0,1,1,1,1,1,1,1,1,1,1,0,1,1,1,1,1,1,1,0,1,1,1,1,1,-0,0,-0,1,1,1,1,1,1,1,1,1,1,1,1,1,1,0,1,1,1,1,1,1,1,1,1,0,1,1,1,1,1,1,0,1,1,1,1,1,0,1,1,1,0,1,1,1,1,1,1,1,1,1,1,1,1,1,1
718,2223,0,0,0,-0,0,-0,1,1,1,-0,1,1,1,0,1,1,0,1,1,1,1,1,1,1,1,1,1,0,1,1,1,1,1,1,1,-0,1,1,1,1,1,-0,0,-0,1,1,1,1,1,1,1,1,1,1,1,1,1,1,0,1,1,1,1,1,1,1,1,1,1,1,1,1,1,1,1,0,1,1,1,1,1,0,1,1,1,0,1,1,1,1,1,0,1,1,1,1,1,1,1,1
720,2237,1,0,0,-0,-0,-0,1,1,1,0,1,1,1,0,1,1,-0,1,1,1,1,1,1,1,1,1,1,0,1,1,1,1,1,1,1,0,1,1,1,1,1,-0,0,0,1,1,1,1,1,1,1,1,1,1,1,1,1,1,0,1,1,1,1,1,0,0,1,1,1,1,1,1,1,1,1,0,1,1,1,1,1,-0,1,1,1,0,1,1,1,1,1,1,1,1,1,1,1,1,1,1
732,2250,1,0,0,-0,0,0,1,1,1,0,1,1,1,0,1,1,-0,1,1,1,1,1,1,1,1,1,1,0,1,1,1,1,1,1,1,0,1,1,1,1,1,-0,0,-0,1,1,1,1,1,1,1,1,1,1,1,1,1,1,0,1,1,1,1,1,1,1,1,1,0,1,1,1,1,1,1,0,1,1,1,1,1,0,1,1,1,0,1,1,1,1,1,1,1,1,1,1,1,1,1,1
734,2252,1,0,0,-0,0,-0,1,1,1,0,1,1,1,0,1,1,-0,1,1,1,1,1,1,1,1,1,1,-0,1,1,1,1,1,1,1,-0,1,1,1,1,1,-0,-0,0,1,1,1,1,1,1,1,1,1,1,1,1,1,1,0,1,1,1,1,1,1,1,1,1,1,1,1,1,1,1,1,0,1,1,1,1,1,0,1,1,1,0,1,1,1,1,1,-0,1,1,1,1,1,1,1,1
736,2255,0,0,0,0,0,0,1,1,1,0,1,1,1,0,1,1,0,1,1,1,1,1,1,1,1,1,1,0,1,1,1,1,1,1,1,0,1,1,1,1,1,0,0,0,1,1,1,1,1,1,1,1,1,1,1,1,1,1,-0,1,1,1,1,1,1,1,1,1,1,1,1,1,1,1,1,0,1,1,1,1,1,0,1,1,1,0,1,1,1,1,1,1,1,1,1,1,1,1,1,1
742,2259,0,-0,0,0,-0,-0,1,1,1,0,1,1,1,0,1,1,-0,1,1,1,1,1,1,1,1,1,1,0,1,1,1,1,1,1,1,-0,1,1,1,1,1,0,-0,0,1,1,1,1,1,1,1,1,1,1,1,1,1,1,0,1,-0,1,1,1,1,1,1,1,1,1,1,1,1,1,1,0,1,1,1,1,1,1,1,1,1,0,1,1,1,1,1,1,1,1,1,1,1,1,1,1
743,2263,1,-0,0,-0,-0,0,1,1,1,0,1,1,1,-0,1,1,-0,1,1,1,1,1,1,1,1,1,1,0,1,1,1,1,1,1,1,0,1,1,1,1,1,1,1,0,1,1,1,1,1,1,1,1,1,1,1,1,1,1,0,1,1,1,1,1,1,1,1,1,0,1,1,1,1,1,1,0,1,1,1,1,1,-0,1,1,1,0,1,1,1,1,1,0,1,1,1,1,1,1,1,1
745,2266,-0,0,0,-0,0,0,1,1,1,0,1,1,1,0,1,1,0,1,1,1,1,1,1,1,1,1,1,-0,1,1,1,1,1,1,1,0,1,1,1,1,1,1,1,-0,1,1,1,1,1,1,1,1,1,1,1,1,1,1,-0,1,1,1,1,1,1,1,1,1,-0,1,1,1,1,1,1,0,1,1,1,1,1,0,1,1,1,0,1,1,1,1,1,1,1,1,1,1,1,1,1,1
747,2268,-0,0,0,-0,0,0,1,1,1,0,1,1,1,-0,1,1,-0,1,1,1,1,1,1,1,1,1,1,0,1,1,1,1,1,1,1,0,1,1,1,1,1,1,1,0,1,1,1,1,1,1,1,1,1,1,1,1,1,1,0,1,1,1,1,1,1,1,1,1,1,1,1,1,1,1,1,0,1,1,1,1,1,0,1,1,1,0,1,1,1,1,1,-0,1,1,1,1,1,1,1,1
748,2272,1,0,-0,-0,-0,0,1,1,1,0,1,1,1,0,1,1,0,1,1,1,1,1,1,1,1,1,1,0,1,1,1,1,1,1,1,-0,1,1,1,1,1,-0,-0,0,1,1,1,1,1,1,1,1,1,1,1,1,1,1,-0,1,1,1,1,1,1,1,1,1,0,1,1,1,1,1,1,0,1,1,1,1,1,1,1,1,1,-0,1,1,1,1,1,1,1,1,1,1,1,1,1,1
752,2284,1,0,-0,-0,-0,0,1,1,1,0,1,1,1,0,1,1,0,1,1,1,1,1,1,1,1,1,1,0,1,1,1,1,1,1,1,-0,1,1,1,1,1,-0,-0,0,1,1,1,1,1,1,1,1,1,1,1,1,1,1,0,1,1,1,1,1,1,1,1,1,1,1,1,1,1,1,1,0,1,1,1,1,1,0,1,1,1,0,1,1,1,1,1,1,1,1,1,1,1,1,1,1
759,2286,1,0,0,0,0,0,1,1,1,0,1,1,1,0,1,1,-0,1,1,1,1,1,1,1,1,1,1,0,1,1,1,1,1,1,1,1,1,1,1,1,1,1,1,0,1,1,1,1,1,1,1,1,1,1,1,1,1,1,0,1,1,1,1,1,1,1,1,1,0,1,1,1,1,1,1,0,1,1,1,1,1,0,1,1,1,0,1,1,1,1,1,-0,1,1,1,1,1,1,1,1
761,2295,1,0,0,-0,0,0,1,1,1,0,1,1,1,0,1,1,0,1,1,1,1,1,1,1,1,1,1,-0,1,1,1,1,1,1,1,0,1,1,1,1,1,1,1,-0,1,1,1,1,1,1,1,1,1,1,1,1,1,1,-0,1,1,1,1,1,1,1,1,1,-0,1,1,1,1,1,1,0,1,1,1,1,1,0,1,1,1,0,1,1,1,1,1,1,1,1,1,1,1,1,1,1
763,2297,1,0,0,-0,0,-0,1,1,1,0,1,1,1,-0,1,1,0,1,1,1,1,1,1,1,1,1,1,0,1,1,1,1,1,1,1,0,1,1,1,1,1,1,1,-0,1,1,1,1,1,1,1,1,1,1,1,1,1,1,0,1,1,1,1,1,1,1,1,1,1,1,1,1,1,1,1,0,1,1,1,1,1,0,1,1,1,0,1,1,1,1,1,0,1,1,1,1,1,1,1,1
765,2300,-0,0,0,0,0,0,1,1,1,0,1,1,1,0,1,1,0,1,1,1,1,1,1,1,1,1,1,0,1,1,1,1,1,1,1,0,1,1,1,1,1,1,1,-0,1,1,1,1,1,1,1,1,1,1,1,1,1,1,0,1,1,1,1,1,1,1,1,1,1,1,1,1,1,1,1,0,1,1,1,1,1,0,1,1,1,0,1,1,1,1,1,1,1,1,1,1,1,1,1,1
768,2306,1,0,0,0,0,0,1,1,1,0,1,1,1,-0,1,1,0,1,1,1,1,1,1,1,1,1,1,0,1,1,1,1,1,1,1,-0,1,1,1,1,1,-0,-0,0,1,1,1,1,1,1,1,1,1,1,1,1,1,1,-0,1,1,1,1,1,1,1,1,1,1,1,1,1,1,1,1,0,1,1,1,1,1,1,1,1,1,0,1,1,1,1,1,1,1,1,1,1,1,1,1,1
770,2307,1,0,0,-0,-0,-0,1,1,1,0,1,1,1,0,1,1,-0,1,1,1,1,1,1,1,1,1,1,-0,1,1,1,1,1,1,1,0,1,1,1,1,1,-0,0,-0,1,1,1,1,1,1,1,1,1,1,1,1,1,1,1,1,1,1,1,1,1,1,1,1,1,1,1,1,1,1,1,0,1,1,1,1,1,0,1,1,1,0,1,1,1,1,1,1,1,1,1,1,1,1,1,1
772,2310,1,0,0,0,0,-0,1,1,1,0,1,1,1,0,1,1,-0,1,1,1,1,1,1,1,1,1,1,-0,1,1,1,1,1,1,1,-0,1,1,1,1,1,0,-0,1,1,1,1,1,1,1,1,1,1,1,1,1,1,1,0,1,1,1,1,1,1,1,1,1,1,1,1,1,1,1,1,0,1,1,1,1,1,0,1,1,1,0,1,1,1,1,1,1,1,1,1,1,1,1,1,1
774,2311,1,0,-0,0,-0,0,1,1,1,0,1,1,1,0,1,1,0,1,1,1,1,1,1,1,1,1,1,-0,1,1,1,1,1,1,1,0,1,1,1,1,1,1,1,0,1,1,1,1,1,1,1,1,1,1,1,1,1,1,0,1,1,1,1,1,1,1,1,1,1,1,1,1,1,1,1,0,1,1,1,1,1,-0,1,1,1,0,1,1,1,1,1,1,1,1,1,1,1,1,-0,1
777,2318,1,0,0,-0,0,-0,1,1,1,0,1,1,1,0,1,1,0,1,1,1,1,1,1,1,1,1,1,-0,1,1,1,1,1,1,1,1,1,1,1,1,1,1,1,0,1,1,1,1,1,1,1,1,1,1,1,1,1,1,0,1,1,1,1,1,1,1,1,1,0,1,1,1,1,1,1,0,1,1,1,1,1,0,1,1,1,0,1,1,1,1,1,1,1,1,1,1,1,1,1,1
779,2320,1,0,-0,0,0,0,1,1,1,0,1,1,1,0,1,1,0,1,1,1,1,1,1,1,1,1,1,-0,1,1,1,1,1,1,1,1,1,1,1,1,1,1,1,0,1,1,1,1,1,1,1,1,1,1,1,1,1,1,0,1,1,1,1,1,1,1,1,1,1,1,1,1,1,1,1,-0,1,1,1,1,1,-0,1,1,1,0,1,1,1,1,1,0,1,1,1,1,1,1,1,1
781,2329,1,0,-0,0,-0,-0,1,1,1,0,1,1,1,0,1,1,0,1,1,1,1,1,1,1,1,1,1,0,1,1,1,1,1,1,1,0,1,1,1,1,1,1,1,-0,1,1,1,1,1,1,1,1,1,1,1,1,1,1,0,1,1,1,1,1,1,1,1,1,1,1,1,1,1,1,1,0,1,1,1,1,1,0,1,1,1,0,1,1,1,1,1,1,1,1,1,1,1,1,1,1
786,2331,1,0,0,1,0,-0,1,1,1,0,1,1,1,0,1,1,1,1,1,1,1,1,1,1,1,1,1,1,1,1,1,1,1,1,1,0,1,1,1,1,1,1,1,-0,1,1,1,1,1,1,1,1,1,1,1,1,1,1,0,1,1,1,1,1,1,1,1,1,0,1,1,1,1,1,1,0,1,1,1,1,1,0,1,1,1,-0,1,1,1,1,1,0,1,1,1,1,1,1,1,1
788,2334,0,0,0,1,0,0,1,1,1,-0,1,1,1,0,1,1,1,1,1,1,1,1,1,1,1,1,1,1,1,1,1,1,1,1,1,0,1,1,1,1,1,1,1,0,1,1,1,1,1,1,1,1,1,1,1,1,1,1,-0,1,1,1,1,1,1,1,1,1,0,1,1,1,1,1,1,0,1,1,1,1,1,0,1,1,1,0,1,1,1,1,1,1,1,1,1,1,1,1,1,1
790,2336,-0,0,0,1,0,-0,1,1,1,0,1,1,1,0,1,1,1,1,1,1,1,1,1,1,1,1,1,1,1,1,1,1,1,1,1,0,1,1,1,1,1,1,1,0,1,1,1,1,1,1,1,1,1,1,1,1,1,1,0,1,1,1,1,1,1,1,1,1,1,1,1,1,1,1,1,0,1,1,1,1,1,0,1,1,1,0,1,1,1,1,1,0,1,1,1,1,1,1,1,1
793,2340,1,0,0,0,0,-0,1,1,1,0,1,1,1,0,1,1,-0,1,1,1,1,1,1,1,1,1,1,0,1,1,1,1,1,1,1,1,1,1,1,1,1,1,1,0,1,1,1,1,1,1,1,1,1,1,1,1,1,1,0,1,1,1,1,1,1,1,1,1,-0,1,1,1,1,1,1,0,1,1,1,1,1,1,1,1,1,0,1,1,1,1,1,1,1,1,1,1,1,1,1,1
795,2342,1,0,0,-0,0,0,1,1,1,0,1,1,1,-0,1,1,0,1,1,1,1,1,1,1,1,1,1,-0,1,1,1,1,1,1,1,1,1,1,1,1,1,1,1,0,1,1,1,1,1,1,1,1,1,1,1,1,1,1,0,1,1,1,1,1,1,1,1,1,1,1,1,1,1,1,1,0,1,1,1,1,1,1,1,1,1,0,1,1,1,1,1,0,1,1,1,1,1,1,1,1
797,2352,1,0,-0,0,0,0,1,1,1,0,1,1,1,0,1,1,0,1,1,1,1,1,1,1,1,1,1,-0,1,1,1,1,1,1,1,1,1,1,1,1,1,1,1,0,1,1,1,1,1,1,1,1,1,1,1,1,1,1,0,1,1,1,1,1,1,1,1,1,1,1,1,1,1,1,1,0,1,1,1,1,1,-0,1,1,1,0,1,1,1,1,1,1,1,1,1,1,1,1,1,1
801,2355,1,0,0,0,0,0,1,1,1,-0,1,1,1,0,1,1,0,1,1,1,1,1,1,1,1,1,1,0,1,1,1,1,1,1,1,-0,1,1,1,1,1,1,1,1,1,1,1,1,1,1,1,1,1,1,1,1,1,1,-0,1,1,1,1,1,1,1,1,1,1,1,1,1,1,1,1,0,1,1,1,1,1,-0,1,1,1,0,1,1,1,1,1,1,1,1,1,1,1,1,1,1
804,2363,1,0,0,1,0,-0,1,1,1,0,1,1,1,-0,1,1,1,1,1,1,1,1,1,1,1,1,1,1,1,1,1,1,1,1,1,0,1,1,1,1,1,1,1,-0,1,1,1,1,1,1,1,1,1,1,1,1,1,1,0,1,1,1,1,1,1,1,1,1,-0,1,1,1,1,1,1,0,1,1,1,1,1,0,1,1,1,0,1,1,1,1,1,1,1,1,1,1,1,1,1,1
806,2365,1,0,0,1,0,-0,1,1,1,0,1,1,1,0,1,1,1,1,1,1,1,1,1,1,1,1,1,1,1,1,1,1,1,1,1,0,1,1,1,1,1,1,1,0,1,1,1,1,1,1,1,1,1,1,1,1,1,1,0,1,1,1,1,1,1,1,1,1,1,1,1,1,1,1,1,0,1,1,1,1,1,-0,1,1,1,0,1,1,1,1,1,0,1,1,1,1,1,1,1,1
808,2368,0,-0,-0,1,0,0,1,1,1,0,1,1,1,-0,1,1,1,1,1,1,1,1,1,1,1,1,1,1,1,1,1,1,1,1,1,-0,1,1,1,1,1,1,1,-0,1,1,1,1,1,1,1,1,1,1,1,1,1,1,-0,1,1,1,1,1,1,1,1,1,1,1,1,1,1,1,1,0,1,1,1,1,1,0,1,1,1,0,1,1,1,1,1,1,1,1,1,1,1,1,1,1
813,2374,1,0,0,-0,0,0,1,1,1,0,1,1,1,-0,1,1,0,1,1,1,1,1,1,1,1,1,1,-0,1,1,1,1,1,1,1,1,1,1,1,1,1,1,1,0,1,1,1,1,1,1,1,1,1,1,1,1,1,1,0,1,1,1,1,1,1,1,1,1,1,1,1,1,1,1,1,0,1,1,1,1,1,1,1,1,1,0,1,1,1,1,1,1,1,1,1,1,1,1,1,1
815,2375,1,0,0,-0,-0,0,1,1,1,0,1,1,1,0,1,1,-0,1,1,1,1,1,1,1,1,1,1,-0,1,1,1,1,1,1,1,1,1,1,1,1,1,1,1,0,1,1,1,1,1,1,1,1,1,1,1,1,1,1,1,1,1,1,1,1,1,1,1,1,1,1,1,1,1,1,1,-0,1,1,1,1,1,-0,1,1,1,0,1,1,1,1,1,1,1,1,1,1,1,1,1,1
817,2379,1,0,0,1,-0,0,1,1,1,0,1,1,1,-0,1,1,1,1,1,1,1,1,1,1,1,1,1,1,1,1,1,1,1,1,1,-0,1,1,1,1,1,1,1,0,1,1,1,1,1,1,1,1,1,1,1,1,1,1,0,1,1,1,1,1,1,1,1,1,1,1,1,1,1,1,1,0,1,1,1,1,1,0,1,1,1,0,1,1,1,1,1,1,1,1,1,1,1,1,0,1
819,2383,1,0,0,1,0,1,1,1,1,0,1,1,1,0,1,1,1,1,1,1,1,1,1,1,1,1,1,1,1,1,1,1,1,1,1,0,1,1,1,1,1,1,1,-0,1,1,1,1,1,1,1,1,1,1,1,1,1,1,0,1,1,1,1,1,1,1,1,1,-0,1,1,1,1,1,1,0,1,1,1,1,1,0,1,1,1,0,1,1,1,1,1,1,1,1,1,1,1,1,1,1
820,2386,1,0,0,1,-0,0,1,1,1,0,1,1,1,0,1,1,1,1,1,1,1,1,1,1,1,1,1,1,1,1,1,1,1,1,1,1,1,1,1,1,1,1,1,0,1,1,1,1,1,1,1,1,1,1,1,1,1,1,0,1,1,1,1,1,1,1,1,1,-0,1,1,1,1,1,1,0,1,1,1,1,1,0,1,1,1,0,1,1,1,1,1,1,1,1,1,1,1,1,1,1
822,2388,1,-0,0,1,-0,-0,1,1,1,0,1,1,1,-0,1,1,1,1,1,1,1,1,1,1,1,1,1,1,1,1,1,1,1,1,1,1,1,1,1,1,1,1,1,0,1,1,1,1,1,1,1,1,1,1,1,1,1,1,0,1,1,1,1,1,1,1,1,1,1,1,1,1,1,1,1,0,1,1,1,1,1,0,1,1,1,0,1,1,1,1,1,-0,1,1,1,1,1,1,1,1
824,2397,1,0,0,1,0,0,1,1,1,0,1,1,1,0,1,1,1,1,1,1,1,1,1,1,1,1,1,1,1,1,1,1,1,1,1,0,1,1,1,1,1,1,1,-0,1,1,1,1,1,1,1,1,1,1,1,1,1,1,0,1,1,1,1,1,1,1,1,1,1,1,1,1,1,1,1,0,1,1,1,1,1,0,1,1,1,0,1,1,1,1,1,1,1,1,1,1,1,1,1,1
833,2402,1,-0,0,1,-0,0,1,1,1,0,1,1,1,-0,1,1,1,1,1,1,1,1,1,1,1,1,1,1,1,1,1,1,1,1,1,1,1,1,1,1,1,1,1,0,1,1,1,1,1,1,1,1,1,1,1,1,1,1,-0,1,1,1,1,1,1,1,1,1,1,1,1,1,1,1,1,0,1,1,1,1,1,0,1,1,1,0,1,1,1,1,1,1,1,1,1,1,1,1,0,1
835,2406,1,-0,0,1,-0,1,1,1,1,-0,1,1,1,0,1,1,1,1,1,1,1,1,1,1,1,1,1,1,1,1,1,1,1,1,1,1,1,1,1,1,1,1,1,0,1,1,1,1,1,1,1,1,1,1,1,1,1,1,0,1,1,1,1,1,1,1,1,1,0,1,1,1,1,1,1,-0,1,1,1,1,1,0,1,1,1,0,1,1,1,1,1,1,1,1,1,1,1,1,1,1
837,2408,1,0,-0,1,0,1,1,1,1,0,1,1,1,-0,1,1,1,1,1,1,1,1,1,1,1,1,1,1,1,1,1,1,1,1,1,1,1,1,1,1,1,1,1,0,1,1,1,1,1,1,1,1,1,1,1,1,1,1,0,1,1,1,1,1,1,1,1,1,1,1,1,1,1,1,1,0,1,1,1,1,1,0,1,1,1,0,1,1,1,1,1,0,1,1,1,1,1,1,1,1
839,2417,1,0,0,1,0,1,1,1,1,0,1,1,1,-0,1,1,1,1,1,1,1,1,1,1,1,1,1,1,1,1,1,1,1,1,1,0,1,1,1,1,1,1,1,0,1,1,1,1,1,1,1,1,1,1,1,1,1,1,0,1,1,1,1,1,1,1,1,1,1,1,1,1,1,1,1,0,1,1,1,1,1,0,1,1,1,0,1,1,1,1,1,1,1,1,1,1,1,1,1,1
840,2420,1,-0,0,1,-0,-0,1,1,1,0,1,1,1,-0,1,1,1,1,1,1,1,1,1,1,1,1,1,1,1,1,1,1,1,1,1,1,1,1,1,1,1,1,1,0,1,1,1,1,1,1,1,1,1,1,1,1,1,1,0,1,1,1,1,1,1,1,1,1,1,1,1,1,1,1,1,0,1,1,1,1,1,0,1,1,1,0,1,1,1,1,1,1,1,1,1,1,1,1,1,1
844,2423,1,0,0,1,0,0,1,1,1,0,1,1,1,0,1,1,1,1,1,1,1,1,1,1,1,1,1,1,1,1,1,1,1,1,1,0,1,1,1,1,1,1,1,1,1,1,1,1,1,1,1,1,1,1,1,1,1,1,-0,1,1,1,1,1,1,1,1,1,1,1,1,1,1,1,1,0,1,1,1,1,1,0,1,1,1,0,1,1,1,1,1,1,1,1,1,1,1,1,1,1
849,2424,1,0,0,1,0,0,1,1,1,0,1,1,1,0,1,1,1,1,1,1,1,1,1,1,1,1,1,1,1,1,1,1,1,1,1,1,1,1,1,1,1,1,1,0,1,1,1,1,1,1,1,1,1,1,1,1,1,1,0,1,1,1,1,1,1,1,1,1,1,1,1,1,1,1,1,0,1,1,1,1,1,1,1,1,1,-0,1,1,1,1,1,1,1,1,1,1,1,1,-0,1
851,2428,1,-0,0,1,-0,1,1,1,1,0,1,1,1,0,1,1,1,1,1,1,1,1,1,1,1,1,1,1,1,1,1,1,1,1,1,1,1,1,1,1,1,1,1,0,1,1,1,1,1,1,1,1,1,1,1,1,1,1,0,1,1,1,1,1,1,1,1,1,0,1,1,1,1,1,1,0,1,1,1,1,1,1,1,1,1,0,1,1,1,1,1,1,1,1,1,1,1,1,1,1
854,2431,1,0,0,1,0,0,1,1,1,0,1,1,1,0,1,1,1,1,1,1,1,1,1,1,1,1,1,1,1,1,1,1,1,1,1,1,1,1,1,1,1,1,1,-0,1,1,1,1,1,1,1,1,1,1,1,1,1,1,1,1,1,1,1,1,1,1,1,1,-0,1,1,1,1,1,1,0,1,1,1,1,1,1,1,1,1,0,1,1,1,1,1,1,1,1,1,1,1,1,1,1
855,2440,1,-0,0,1,-0,1,1,1,1,0,1,1,1,-0,1,1,1,1,1,1,1,1,1,1,1,1,1,1,1,1,1,1,1,1,1,1,1,1,1,1,1,1,1,-0,1,1,1,1,1,1,1,1,1,1,1,1,1,1,-0,1,1,1,1,1,1,1,1,1,1,1,1,1,1,1,1,0,1,1,1,1,1,-0,1,1,1,0,1,1,1,1,1,1,1,1,1,1,1,1,1,1
856,2442,1,0,0,1,0,-0,1,1,1,0,1,1,1,0,1,1,1,1,1,1,1,1,1,1,1,1,1,1,1,1,1,1,1,1,1,1,1,1,1,1,1,1,1,0,1,1,1,1,1,1,1,1,1,1,1,1,1,1,0,1,1,1,1,1,1,1,1,1,1,1,1,1,1,1,1,0,1,1,1,1,1,1,1,1,1,0,1,1,1,1,1,1,1,1,1,1,1,1,1,1
858,2443,1,0,-0,1,-0,0,1,1,1,0,1,1,1,-0,1,1,1,1,1,1,1,1,1,1,1,1,1,1,1,1,1,1,1,1,1,1,1,1,1,1,1,1,1,0,1,1,1,1,1,1,1,1,1,1,1,1,1,1,1,1,1,1,1,1,1,1,1,1,1,1,1,1,1,1,1,0,1,1,1,1,1,0,1,1,1,0,1,1,1,1,1,1,1,1,1,1,1,1,1,1
860,2446,1,0,0,1,-0,-0,1,1,1,0,1,1,1,-0,1,1,1,1,1,1,1,1,1,1,1,1,1,1,1,1,1,1,1,1,1,1,1,1,1,1,1,1,1,1,1,1,1,1,1,1,1,1,1,1,1,1,1,1,0,1,1,1,1,1,1,1,1,1,1,1,1,1,1,1,1,0,1,1,1,1,1,0,1,1,1,0,1,1,1,1,1,1,1,1,1,1,1,1,1,1
867,2447,1,0,0,1,0,-0,1,1,1,-0,1,1,1,-0,1,1,1,1,1,1,1,1,1,1,1,1,1,1,1,1,1,1,1,1,1,1,1,1,1,1,1,1,1,0,1,1,1,1,1,1,1,1,1,1,1,1,1,1,1,1,1,1,1,1,1,1,1,1,1,1,1,1,1,1,1,0,1,1,1,1,1,1,1,1,1,0,1,1,1,1,1,1,1,1,1,1,1,1,-0,1
869,2451,1,0,0,1,-0,1,1,1,1,0,1,1,1,0,1,1,1,1,1,1,1,1,1,1,1,1,1,1,1,1,1,1,1,1,1,1,1,1,1,1,1,1,1,-0,1,1,1,1,1,1,1,1,1,1,1,1,1,1,1,1,1,1,1,1,1,1,1,1,-0,1,1,1,1,1,1,-0,1,1,1,1,1,1,1,1,1,-0,1,1,1,1,1,1,1,1,1,1,1,1,1,1
871,2462,1,0,0,1,-0,1,1,1,1,0,1,1,1,-0,1,1,1,1,1,1,1,1,1,1,1,1,1,1,1,1,1,1,1,1,1,1,1,1,1,1,1,1,1,-0,1,1,1,1,1,1,1,1,1,1,1,1,1,1,-0,1,1,1,1,1,1,1,1,1,1,1,1,1,1,1,1,0,1,1,1,1,1,1,1,1,1,-0,1,1,1,1,1,1,1,1,1,1,1,1,1,1
873,2463,1,-0,0,1,-0,1,1,1,1,-0,1,1,1,-0,1,1,1,1,1,1,1,1,1,1,1,1,1,1,1,1,1,1,1,1,1,1,1,1,1,1,1,1,1,0,1,1,1,1,1,1,1,1,1,1,1,1,1,1,1,1,1,1,1,1,1,1,1,1,1,1,1,1,1,1,1,0,1,1,1,1,1,-0,1,1,1,-0,1,1,1,1,1,1,1,1,1,1,1,1,1,1
874,2465,1,0,-0,1,-0,0,1,1,1,-0,1,1,1,0,1,1,1,1,1,1,1,1,1,1,1,1,1,1,1,1,1,1,1,1,1,1,1,1,1,1,1,1,1,0,1,1,1,1,1,1,1,1,1,1,1,1,1,1,1,1,1,1,1,1,1,1,1,1,1,1,1,1,1,1,1,0,1,1,1,1,1,1,1,1,1,-0,1,1,1,1,1,1,1,1,1,1,1,1,1,1
876,2468,1,0,0,1,-0,-0,1,1,1,0,1,1,1,-0,1,1,1,1,1,1,1,1,1,1,1,1,1,1,1,1,1,1,1,1,1,1,1,1,1,1,1,1,1,1,1,1,1,1,1,1,1,1,1,1,1,1,1,1,0,1,1,1,1,1,1,1,1,1,1,1,1,1,1,1,1,0,1,1,1,1,1,1,1,1,1,0,1,1,1,1,1,1,1,1,1,1,1,1,1,1
878,2469,1,0,0,1,0,0,1,1,1,0,1,1,1,0,1,1,1,1,1,1,1,1,1,1,1,1,1,1,1,1,1,1,1,1,1,1,1,1,1,1,1,1,1,1,1,1,1,1,1,1,1,1,1,1,1,1,1,1,1,1,1,1,1,1,1,1,1,1,1,1,1,1,1,1,1,0,1,1,1,1,1,-0,1,1,1,0,1,1,1,1,1,1,1,1,1,1,1,1,1,1
880,2471,1,0,0,1,0,-0,1,1,1,0,1,1,1,1,1,1,1,1,1,1,1,1,1,1,1,1,1,1,1,1,1,1,1,1,1,1,1,1,1,1,1,1,1,1,1,1,1,1,1,1,1,1,1,1,1,1,1,1,0,1,1,1,1,1,1,1,1,1,1,1,1,1,1,1,1,0,1,1,1,1,1,-0,1,1,1,0,1,1,1,1,1,1,1,1,1,1,1,1,1,1
887,2477,1,0,0,1,-0,1,1,1,1,0,1,1,1,0,1,1,1,1,1,1,1,1,1,1,1,1,1,1,1,1,1,1,1,1,1,1,1,1,1,1,1,1,1,-0,1,1,1,1,1,1,1,1,1,1,1,1,1,1,0,1,1,1,1,1,1,1,1,1,1,1,1,1,1,1,1,0,1,1,1,1,1,1,1,1,1,1,1,1,1,1,1,1,1,1,1,1,1,1,1,1
889,2485,1,0,0,1,-0,1,1,1,1,0,1,1,1,0,1,1,1,1,1,1,1,1,1,1,1,1,1,1,1,1,1,1,1,1,1,1,1,1,1,1,1,1,1,-0,1,1,1,1,1,1,1,1,1,1,1,1,1,1,1,1,1,1,1,1,1,1,1,1,1,1,1,1,1,1,1,0,1,1,1,1,1,1,1,1,1,-0,1,1,1,1,1,1,1,1,1,1,1,1,1,1
891,2488,1,0,0,1,0,1,1,1,1,0,1,1,1,0,1,1,1,1,1,1,1,1,1,1,1,1,1,1,1,1,1,1,1,1,1,1,1,1,1,1,1,1,1,1,1,1,1,1,1,1,1,1,1,1,1,1,1,1,0,1,1,1,1,1,1,1,1,1,1,1,1,1,1,1,1,0,1,1,1,1,1,1,1,1,1,0,1,1,1,1,1,1,1,1,1,1,1,1,1,1
893,2489,1,0,0,1,-0,1,1,1,1,0,1,1,1,0,1,1,1,1,1,1,1,1,1,1,1,1,1,1,1,1,1,1,1,1,1,1,1,1,1,1,1,1,1,1,1,1,1,1,1,1,1,1,1,1,1,1,1,1,1,1,1,1,1,1,1,1,1,1,1,1,1,1,1,1,1,0,1,1,1,1,1,0,1,1,1,0,1,1,1,1,1,1,1,1,1,1,1,1,1,1
895,2491,1,0,0,1,-0,1,1,1,1,0,1,1,1,1,1,1,1,1,1,1,1,1,1,1,1,1,1,1,1,1,1,1,1,1,1,1,1,1,1,1,1,1,1,1,1,1,1,1,1,1,1,1,1,1,1,1,1,1,0,1,1,1,1,1,1,1,1,1,1,1,1,1,1,1,1,0,1,1,1,1,1,0,1,1,1,0,1,1,1,1,1,1,1,1,1,1,1,1,1,1
896,2493,1,-0,0,1,-0,0,1,1,1,0,1,1,1,1,1,1,1,1,1,1,1,1,1,1,1,1,1,1,1,1,1,1,1,1,1,1,1,1,1,1,1,1,1,1,1,1,1,1,1,1,1,1,1,1,1,1,1,1,-0,1,1,1,1,1,1,1,1,1,1,1,1,1,1,1,1,0,1,1,1,1,1,1,1,1,1,-0,1,1,1,1,1,1,1,1,1,1,1,1,1,1
898,2494,1,0,0,1,0,0,1,1,1,0,1,1,1,1,1,1,1,1,1,1,1,1,1,1,1,1,1,1,1,1,1,1,1,1,1,1,1,1,1,1,1,1,1,1,1,1,1,1,1,1,1,1,1,1,1,1,1,1,1,1,1,1,1,1,1,1,1,1,1,1,1,1,1,1,1,0,1,1,1,1,1,-0,1,1,1,-0,1,1,1,1,1,1,1,1,1,1,1,1,1,1
904,2495,1,0,0,1,-0,1,1,1,1,0,1,1,1,1,1,1,1,1,1,1,1,1,1,1,1,1,1,1,1,1,1,1,1,1,1,1,1,1,1,1,1,1,1,1,1,1,1,1,1,1,1,1,1,1,1,1,1,1,0,1,1,1,1,1,1,1,1,1,1,1,1,1,1,1,1,0,1,1,1,1,1,1,1,1,1,0,1,1,1,1,1,1,1,1,1,1,1,1,-0,1
905,2500,1,-0,0,1,0,1,1,1,1,-0,1,1,1,0,1,1,1,1,1,1,1,1,1,1,1,1,1,1,1,1,1,1,1,1,1,1,1,1,1,1,1,1,1,-0,1,1,1,1,1,1,1,1,1,1,1,1,1,1,1,1,1,1,1,1,1,1,1,1,1,1,1,1,1,1,1,-0,1,1,1,1,1,1,1,1,1,1,1,1,1,1,1,1,1,1,1,1,1,1,1,1
907,2506,1,0,0,1,0,1,1,1,1,1,1,1,1,0,1,1,1,1,1,1,1,1,1,1,1,1,1,1,1,1,1,1,1,1,1,1,1,1,1,1,1,1,1,0,1,1,1,1,1,1,1,1,1,1,1,1,1,1,1,1,1,1,1,1,1,1,1,1,1,1,1,1,1,1,1,0,1,1,1,1,1,1,1,1,1,0,1,1,1,1,1,1,1,1,1,1,1,1,1,1
908,2507,1,0,0,1,1,1,1,1,1,-0,1,1,1,-0,1,1,1,1,1,1,1,1,1,1,1,1,1,1,1,1,1,1,1,1,1,1,1,1,1,1,1,1,1,-0,1,1,1,1,1,1,1,1,1,1,1,1,1,1,1,1,1,1,1,1,1,1,1,1,1,1,1,1,1,1,1,0,1,1,1,1,1,1,1,1,1,0,1,1,1,1,1,1,1,1,1,1,1,1,1,1
909,2511,1,0,0,1,0,1,1,1,1,-0,1,1,1,-0,1,1,1,1,1,1,1,1,1,1,1,1,1,1,1,1,1,1,1,1,1,1,1,1,1,1,1,1,1,1,1,1,1,1,1,1,1,1,1,1,1,1,1,1,1,1,1,1,1,1,1,1,1,1,1,1,1,1,1,1,1,0,1,1,1,1,1,1,1,1,1,0,1,1,1,1,1,1,1,1,1,1,1,1,1,1
911,2513,1,0,0,1,-0,1,1,1,1,0,1,1,1,1,1,1,1,1,1,1,1,1,1,1,1,1,1,1,1,1,1,1,1,1,1,1,1,1,1,1,1,1,1,1,1,1,1,1,1,1,1,1,1,1,1,1,1,1,-0,1,1,1,1,1,1,1,1,1,1,1,1,1,1,1,1,0,1,1,1,1,1,1,1,1,1,-0,1,1,1,1,1,1,1,1,1,1,1,1,1,1
913,2514,1,0,0,1,0,1,1,1,1,0,1,1,1,1,1,1,1,1,1,1,1,1,1,1,1,1,1,1,1,1,1,1,1,1,1,1,1,1,1,1,1,1,1,1,1,1,1,1,1,1,1,1,1,1,1,1,1,1,1,1,1,1,1,1,1,1,1,1,1,1,1,1,1,1,1,0,1,1,1,1,1,-0,1,1,1,0,1,1,1,1,1,1,1,1,1,1,1,1,1,1
914,2516,1,0,-0,1,0,0,1,1,1,0,1,1,1,1,1,1,1,1,1,1,1,1,1,1,1,1,1,1,1,1,1,1,1,1,1,1,1,1,1,1,1,1,1,1,1,1,1,1,1,1,1,1,1,1,1,1,1,1,1,1,1,1,1,1,1,1,1,1,1,1,1,1,1,1,1,0,1,1,1,1,1,1,1,1,1,-0,1,1,1,1,1,1,1,1,1,1,1,1,1,1
922,2518,1,0,-0,1,-0,1,1,1,1,0,1,1,1,1,1,1,1,1,1,1,1,1,1,1,1,1,1,1,1,1,1,1,1,1,1,1,1,1,1,1,1,1,1,1,1,1,1,1,1,1,1,1,1,1,1,1,1,1,1,1,1,1,1,1,1,1,1,1,1,1,1,1,1,1,1,-0,1,1,1,1,1,1,1,1,1,0,1,1,1,1,1,1,1,1,1,1,1,1,0,1
924,2525,1,-0,1,1,1,1,1,1,1,0,1,1,1,0,1,1,1,1,1,1,1,1,1,1,1,1,1,1,1,1,1,1,1,1,1,1,1,1,1,1,1,1,1,0,1,1,1,1,1,1,1,1,1,1,1,1,1,1,1,1,1,1,1,1,1,1,1,1,1,1,1,1,1,1,1,0,1,1,1,1,1,1,1,1,1,-0,1,1,1,1,1,1,1,1,1,1,1,1,1,1
925,2526,1,0,0,1,0,1,1,1,1,0,1,1,1,0,1,1,1,1,1,1,1,1,1,1,1,1,1,1,1,1,1,1,1,1,1,1,1,1,1,1,1,1,1,1,1,1,1,1,1,1,1,1,1,1,1,1,1,1,1,1,1,1,1,1,1,1,1,1,1,1,1,1,1,1,1,0,1,1,1,1,1,1,1,1,1,1,1,1,1,1,1,1,1,1,1,1,1,1,1,1
927,2532,1,0,0,1,0,1,1,1,1,1,1,1,1,0,1,1,1,1,1,1,1,1,1,1,1,1,1,1,1,1,1,1,1,1,1,1,1,1,1,1,1,1,1,1,1,1,1,1,1,1,1,1,1,1,1,1,1,1,1,1,1,1,1,1,1,1,1,1,1,1,1,1,1,1,1,0,1,1,1,1,1,1,1,1,1,0,1,1,1,1,1,1,1,1,1,1,1,1,1,1
929,2536,1,0,0,1,-0,1,1,1,1,0,1,1,1,1,1,1,1,1,1,1,1,1,1,1,1,1,1,1,1,1,1,1,1,1,1,1,1,1,1,1,1,1,1,1,1,1,1,1,1,1,1,1,1,1,1,1,1,1,1,1,1,1,1,1,1,1,1,1,1,1,1,1,1,1,1,0,1,1,1,1,1,1,1,1,1,-0,1,1,1,1,1,1,1,1,1,1,1,1,1,1
932,2537,1,0,0,1,0,0,1,1,1,1,1,1,1,1,1,1,1,1,1,1,1,1,1,1,1,1,1,1,1,1,1,1,1,1,1,1,1,1,1,1,1,1,1,1,1,1,1,1,1,1,1,1,1,1,1,1,1,1,1,1,1,1,1,1,1,1,1,1,1,1,1,1,1,1,1,-0,1,1,1,1,1,1,1,1,1,0,1,1,1,1,1,1,1,1,1,1,1,1,1,1
940,2540,1,0,1,1,1,1,1,1,1,0,1,1,1,0,1,1,1,1,1,1,1,1,1,1,1,1,1,1,1,1,1,1,1,1,1,1,1,1,1,1,1,1,1,0,1,1,1,1,1,1,1,1,1,1,1,1,1,1,1,1,1,1,1,1,1,1,1,1,1,1,1,1,1,1,1,0,1,1,1,1,1,1,1,1,1,1,1,1,1,1,1,1,1,1,1,1,1,1,1,1
941,2540,1,-0,-0,1,1,1,1,1,1,0,1,1,1,1,1,1,1,1,1,1,1,1,1,1,1,1,1,1,1,1,1,1,1,1,1,1,1,1,1,1,1,1,1,1,1,1,1,1,1,1,1,1,1,1,1,1,1,1,1,1,1,1,1,1,1,1,1,1,1,1,1,1,1,1,1,0,1,1,1,1,1,1,1,1,1,0,1,1,1,1,1,1,1,1,1,1,1,1,0,1
942,2546,1,-0,1,1,1,1,1,1,1,1,1,1,1,0,1,1,1,1,1,1,1,1,1,1,1,1,1,1,1,1,1,1,1,1,1,1,1,1,1,1,1,1,1,-0,1,1,1,1,1,1,1,1,1,1,1,1,1,1,1,1,1,1,1,1,1,1,1,1,1,1,1,1,1,1,1,0,1,1,1,1,1,1,1,1,1,-0,1,1,1,1,1,1,1,1,1,1,1,1,1,1
945,2551,1,0,-0,1,-0,1,1,1,1,0,1,1,1,1,1,1,1,1,1,1,1,1,1,1,1,1,1,1,1,1,1,1,1,1,1,1,1,1,1,1,1,1,1,1,1,1,1,1,1,1,1,1,1,1,1,1,1,1,1,1,1,1,1,1,1,1,1,1,1,1,1,1,1,1,1,0,1,1,1,1,1,1,1,1,1,1,1,1,1,1,1,1,1,1,1,1,1,1,1,1
947,2555,1,1,0,1,1,1,1,1,1,0,1,1,1,1,1,1,1,1,1,1,1,1,1,1,1,1,1,1,1,1,1,1,1,1,1,1,1,1,1,1,1,1,1,-0,1,1,1,1,1,1,1,1,1,1,1,1,1,1,1,1,1,1,1,1,1,1,1,1,1,1,1,1,1,1,1,0,1,1,1,1,1,1,1,1,1,0,1,1,1,1,1,1,1,1,1,1,1,1,1,1
948,2558,1,-0,-0,1,1,1,1,1,1,0,1,1,1,1,1,1,1,1,1,1,1,1,1,1,1,1,1,1,1,1,1,1,1,1,1,1,1,1,1,1,1,1,1,1,1,1,1,1,1,1,1,1,1,1,1,1,1,1,1,1,1,1,1,1,1,1,1,1,1,1,1,1,1,1,1,0,1,1,1,1,1,1,1,1,1,0,1,1,1,1,1,1,1,1,1,1,1,1,1,1
951,2559,1,1,0,1,1,1,1,1,1,-0,1,1,1,1,1,1,1,1,1,1,1,1,1,1,1,1,1,1,1,1,1,1,1,1,1,1,1,1,1,1,1,1,1,1,1,1,1,1,1,1,1,1,1,1,1,1,1,1,1,1,1,1,1,1,1,1,1,1,1,1,1,1,1,1,1,0,1,1,1,1,1,-0,1,1,1,0,1,1,1,1,1,1,1,1,1,1,1,1,1,1
958,2561,1,-0,1,1,1,1,1,1,1,1,1,1,1,0,1,1,1,1,1,1,1,1,1,1,1,1,1,1,1,1,1,1,1,1,1,1,1,1,1,1,1,1,1,-0,1,1,1,1,1,1,1,1,1,1,1,1,1,1,1,1,1,1,1,1,1,1,1,1,1,1,1,1,1,1,1,-0,1,1,1,1,1,1,1,1,1,1,1,1,1,1,1,1,1,1,1,1,1,1,1,1
959,2563,1,1,1,1,1,1,1,1,1,-0,1,1,1,0,1,1,1,1,1,1,1,1,1,1,1,1,1,1,1,1,1,1,1,1,1,1,1,1,1,1,1,1,1,-0,1,1,1,1,1,1,1,1,1,1,1,1,1,1,1,1,1,1,1,1,1,1,1,1,1,1,1,1,1,1,1,0,1,1,1,1,1,1,1,1,1,1,1,1,1,1,1,1,1,1,1,1,1,1,1,1
961,2569,1,1,1,1,1,1,1,1,1,1,1,1,1,0,1,1,1,1,1,1,1,1,1,1,1,1,1,1,1,1,1,1,1,1,1,1,1,1,1,1,1,1,1,0,1,1,1,1,1,1,1,1,1,1,1,1,1,1,1,1,1,1,1,1,1,1,1,1,1,1,1,1,1,1,1,0,1,1,1,1,1,1,1,1,1,0,1,1,1,1,1,1,1,1,1,1,1,1,1,1
962,2571,1,-0,1,1,1,1,1,1,1,1,1,1,1,1,1,1,1,1,1,1,1,1,1,1,1,1,1,1,1,1,1,1,1,1,1,1,1,1,1,1,1,1,1,0,1,1,1,1,1,1,1,1,1,1,1,1,1,1,1,1,1,1,1,1,1,1,1,1,1,1,1,1,1,1,1,0,1,1,1,1,1,1,1,1,1,0,1,1,1,1,1,1,1,1,1,1,1,1,1,1
964,2576,1,0,1,1,1,1,1,1,1,0,1,1,1,1,1,1,1,1,1,1,1,1,1,1,1,1,1,1,1,1,1,1,1,1,1,1,1,1,1,1,1,1,1,1,1,1,1,1,1,1,1,1,1,1,1,1,1,1,1,1,1,1,1,1,1,1,1,1,1,1,1,1,1,1,1,0,1,1,1,1,1,1,1,1,1,-0,1,1,1,1,1,1,1,1,1,1,1,1,1,1
967,2581,1,1,0,1,1,1,1,1,1,0,1,1,1,1,1,1,1,1,1,1,1,1,1,1,1,1,1,1,1,1,1,1,1,1,1,1,1,1,1,1,1,1,1,1,1,1,1,1,1,1,1,1,1,1,1,1,1,1,1,1,1,1,1,1,1,1,1,1,1,1,1,1,1,1,1,0,1,1,1,1,1,1,1,1,1,0,1,1,1,1,1,1,1,1,1,1,1,1,1,1
977,2584,1,1,1,1,1,1,1,1,1,1,1,1,1,0,1,1,1,1,1,1,1,1,1,1,1,1,1,1,1,1,1,1,1,1,1,1,1,1,1,1,1,1,1,-0,1,1,1,1,1,1,1,1,1,1,1,1,1,1,1,1,1,1,1,1,1,1,1,1,1,1,1,1,1,1,1,0,1,1,1,1,1,1,1,1,1,1,1,1,1,1,1,1,1,1,1,1,1,1,1,1
979,2589,1,1,1,1,1,1,1,1,1,0,1,1,1,0,1,1,1,1,1,1,1,1,1,1,1,1,1,1,1,1,1,1,1,1,1,1,1,1,1,1,1,1,1,1,1,1,1,1,1,1,1,1,1,1,1,1,1,1,1,1,1,1,1,1,1,1,1,1,1,1,1,1,1,1,1,0,1,1,1,1,1,1,1,1,1,1,1,1,1,1,1,1,1,1,1,1,1,1,1,1
980,2591,1,-0,1,1,1,1,1,1,1,-0,1,1,1,1,1,1,1,1,1,1,1,1,1,1,1,1,1,1,1,1,1,1,1,1,1,1,1,1,1,1,1,1,1,1,1,1,1,1,1,1,1,1,1,1,1,1,1,1,1,1,1,1,1,1,1,1,1,1,1,1,1,1,1,1,1,-0,1,1,1,1,1,1,1,1,1,1,1,1,1,1,1,1,1,1,1,1,1,1,1,1
981,2595,1,1,1,1,1,1,1,1,1,1,1,1,1,-0,1,1,1,1,1,1,1,1,1,1,1,1,1,1,1,1,1,1,1,1,1,1,1,1,1,1,1,1,1,1,1,1,1,1,1,1,1,1,1,1,1,1,1,1,1,1,1,1,1,1,1,1,1,1,1,1,1,1,1,1,1,0,1,1,1,1,1,1,1,1,1,0,1,1,1,1,1,1,1,1,1,1,1,1,1,1
982,2597,1,0,1,1,1,1,1,1,1,1,1,1,1,1,1,1,1,1,1,1,1,1,1,1,1,1,1,1,1,1,1,1,1,1,1,1,1,1,1,1,1,1,1,1,1,1,1,1,1,1,1,1,1,1,1,1,1,1,1,1,1,1,1,1,1,1,1,1,1,1,1,1,1,1,1,-0,1,1,1,1,1,1,1,1,1,0,1,1,1,1,1,1,1,1,1,1,1,1,1,1
985,2602,1,1,-0,1,1,1,1,1,1,1,1,1,1,1,1,1,1,1,1,1,1,1,1,1,1,1,1,1,1,1,1,1,1,1,1,1,1,1,1,1,1,1,1,1,1,1,1,1,1,1,1,1,1,1,1,1,1,1,1,1,1,1,1,1,1,1,1,1,1,1,1,1,1,1,1,0,1,1,1,1,1,1,1,1,1,0,1,1,1,1,1,1,1,1,1,1,1,1,1,1
997,2610,1,1,1,1,1,1,1,1,1,1,1,1,1,-0,1,1,1,1,1,1,1,1,1,1,1,1,1,1,1,1,1,1,1,1,1,1,1,1,1,1,1,1,1,1,1,1,1,1,1,1,1,1,1,1,1,1,1,1,1,1,1,1,1,1,1,1,1,1,1,1,1,1,1,1,1,0,1,1,1,1,1,1,1,1,1,1,1,1,1,1,1,1,1,1,1,1,1,1,1,1
998,2612,1,-0,1,1,1,1,1,1,1,1,1,1,1,1,1,1,1,1,1,1,1,1,1,1,1,1,1,1,1,1,1,1,1,1,1,1,1,1,1,1,1,1,1,1,1,1,1,1,1,1,1,1,1,1,1,1,1,1,1,1,1,1,1,1,1,1,1,1,1,1,1,1,1,1,1,-0,1,1,1,1,1,1,1,1,1,1,1,1,1,1,1,1,1,1,1,1,1,1,1,1
1001,2620,1,1,1,1,1,1,1,1,1,1,1,1,1,1,1,1,1,1,1,1,1,1,1,1,1,1,1,1,1,1,1,1,1,1,1,1,1,1,1,1,1,1,1,1,1,1,1,1,1,1,1,1,1,1,1,1,1,1,1,1,1,1,1,1,1,1,1,1,1,1,1,1,1,1,1,0,1,1,1,1,1,1,1,1,1,0,1,1,1,1,1,1,1,1,1,1,1,1,1,1
1005,2623,1,1,0,1,1,1,1,1,1,1,1,1,1,1,1,1,1,1,1,1,1,1,1,1,1,1,1,1,1,1,1,1,1,1,1,1,1,1,1,1,1,1,1,1,1,1,1,1,1,1,1,1,1,1,1,1,1,1,1,1,1,1,1,1,1,1,1,1,1,1,1,1,1,1,1,1,1,1,1,1,1,1,1,1,1,-0,1,1,1,1,1,1,1,1,1,1,1,1,1,1
1017,2635,1,1,1,1,1,1,1,1,1,1,1,1,1,1,1,1,1,1,1,1,1,1,1,1,1,1,1,1,1,1,1,1,1,1,1,1,1,1,1,1,1,1,1,1,1,1,1,1,1,1,1,1,1,1,1,1,1,1,1,1,1,1,1,1,1,1,1,1,1,1,1,1,1,1,1,0,1,1,1,1,1,1,1,1,1,1,1,1,1,1,1,1,1,1,1,1,1,1,1,1
1021,2641,1,1,1,1,1,1,1,1,1,1,1,1,1,1,1,1,1,1,1,1,1,1,1,1,1,1,1,1,1,1,1,1,1,1,1,1,1,1,1,1,1,1,1,1,1,1,1,1,1,1,1,1,1,1,1,1,1,1,1,1,1,1,1,1,1,1,1,1,1,1,1,1,1,1,1,1,1,1,1,1,1,1,1,1,1,-0,1,1,1,1,1,1,1,1,1,1,1,1,1,1
1037,2656,1,1,1,1,1,1,1,1,1,1,1,1,1,1,1,1,1,1,1,1,1,1,1,1,1,1,1,1,1,1,1,1,1,1,1,1,1,1,1,1,1,1,1,1,1,1,1,1,1,1,1,1,1,1,1,1,1,1,1,1,1,1,1,1,1,1,1,1,1,1,1,1,1,1,1,1,1,1,1,1,1,1,1,1,1,1,1,1,1,1,1,1,1,1,1,1,1,1,1,1
